BerkeleyX%2FCS.169.2x%2F3T2013,html5,1,20,date,desc
MITx%2F6.00.1x%2F3T2013,boolean,1,20,comments,desc
MITx%2F8.01x%2F2013_SOND,8.02,1,20,date,desc
HarvardX%2FHDS1544.1x%2F2013_SOND,jemmapes,1,20,comments,desc
UWashingtonX%2FCOMM220UWx%2F1T2014,torserda,1,20,date,desc
UWashingtonX%2FCOMM220UWx%2F1T2014,youtube,1,20,date,desc
EPFLx%2FBIO465x%2F2013_OND,eigenvalue,1,20,date,desc
UWashingtonX%2FCOMM220UWx%2F1T2014,egypt,1,20,date,desc
HarvardX%2FPH201x%2F2013_SOND,Part+6,2,20,date,desc
UWashingtonX%2FCOMM220UWx%2F1T2014,MENEE,1,20,comments,desc
HarvardX%2FHDS1544.1x%2F2013_SOND,stevends,1,20,date,desc
CaltechX%2FEc1011x%2F1T2014,Question,1,20,date,desc
HarvardX%2FHDS1544.1x%2F2013_SOND,micah,1,20,date,desc
HarvardX%2FSPU27x%2F2013_Oct,homework+week+4,1,20,date,desc
HarvardX%2FHDS1544.1x%2F2013_SOND,Willerd,1,20,comments,desc
HarvardX%2FHDS1544.1x%2F2013_SOND,reza,1,20,date,desc
UWashingtonX%2FCOMM220UWx%2F1T2014,egypt,1,20,date,desc
HarvardX%2FHDS1544.1x%2F2013_SOND,manipula,1,20,comments,desc
HarvardX%2FHDS1544.1x%2F2013_SOND,1000,1,20,votes,desc
MITx%2FEECS.6.002x%2F3T2013,H8P3,1,20,date,desc
HarvardX%2FSPU27x%2F2013_Oct,viscosifiers,1,20,date,desc
HarvardX%2FHDS1544.1x%2F2013_SOND,drew52,1,20,date,desc
HarvardX%2FSPU27x%2F2013_Oct,3+newtons,1,20,date,desc
HarvardX%2FHDS1544.1x%2F2013_SOND,biomir,1,20,date,desc
HarvardX%2FSW12x%2F2013_SOND,feet,1,20,date,desc
UWashingtonX%2FCOMM220UWx%2F1T2014,hrvatska,1,20,date,desc
MITx%2F4.605x%2F2013_SOND,%5Bofficial%5D,1,20,date,desc
UWashingtonX%2FCOMM220UWx%2F1T2014,introductory,1,20,date,desc
MITx%2F3.086x%2F2013_SOND,19944,1,20,date,desc
BerkeleyX%2FCS188.1x%2F2013_Spring,project+bfs,2,20,date,desc
MITx%2FEECS.6.002x%2F3T2013,S17E5,2,20,date,desc
EPFLx%2FBIO465x%2F2013_OND,again,1,20,date,desc
MITx%2F7.00x%2F2013_SOND,follow-up,1,20,date,desc
UWashingtonX%2FCOMM220UWx%2F1T2014,perazzoli,1,20,date,desc
IMFx%2FFPPx%2F3T2013,certificate,1,20,votes,desc
HarvardX%2FHDS1544.1x%2F2013_SOND,David19818,1,20,date,desc
MITx%2F6.00.1x%2F3T2013,CERTIFICATES,1,20,date,desc
UWashingtonX%2FCOMM220UWx%2F1T2014,dubai,1,20,date,desc
UWashingtonX%2FCOMM220UWx%2F1T2014,pittsburgh,1,20,date,desc
HarvardX%2FHDS1544.1x%2F2013_SOND,davehilde,1,20,comments,desc
HarvardX%2FHDS1544.1x%2F2013_SOND,larry,1,20,votes,desc
HarvardX%2FHDS1544.1x%2F2013_SOND,larry,1,20,comments,desc
MITx%2FEECS.6.002x%2F3T2013,hw9,1,20,date,desc
HarvardX%2FHDS1544.1x%2F2013_SOND,paul+is+a+complex+amn,1,20,date,desc
MITx%2F6.002x%2F2013_Spring,lab,1,20,date,desc
MITx%2FEECS.6.002x%2F3T2013,H9P1,1,20,date,desc
MITx%2FEECS.6.002x%2F3T2013,10,1,20,date,desc
MITx%2F8.01x%2F2013_SOND,8.02x,1,20,votes,desc
HarvardX%2FHDS1544.1x%2F2013_SOND,NickLeonard,1,20,date,desc
UWashingtonX%2FCOMM220UWx%2F1T2014,charlie,1,20,date,desc
UWashingtonX%2FCOMM220UWx%2F1T2014,dominican,1,20,date,desc
HarvardX%2FHDS1544.1x%2F2013_SOND,elanagn,1,20,date,desc
MITx%2F24.00x%2F2013_SOND,macnomadic,1,20,date,desc
UWashingtonX%2FCOMM220UWx%2F1T2014,puerto+ordaz,1,20,date,desc
CaltechX%2FEc1011x%2F1T2014,kkulkarni1997,1,20,date,desc
MITx%2F16.101x%2F2013_SOND,progress+bar,1,20,date,desc
MITx%2F3.086x%2F2013_SOND,assignment+2,1,20,date,desc
DelftX%2FET3034TUx%2F2013_Fall,finalist,1,20,date,desc
MITx%2F3.086x%2F2013_SOND,assignment+2,1,20,date,desc
UWashingtonX%2FCOMM220UWx%2F1T2014,public+speaking,1,20,date,desc
EPFLx%2FBIO465x%2F2013_OND,Trajectory+in+time,1,20,date,desc
MITx%2F8.01x%2F2013_SOND,FALLING+RULER,1,20,date,desc
HarvardX%2FHDS1544.1x%2F2013_SOND,josvilayil,1,20,date,desc
CaltechX%2FEc1011x%2F1T2014,notes,1,20,date,desc
MITx%2F8.01x%2F2013_SOND,audit,1,20,date,desc
HarvardX%2FPH201x%2F2013_SOND,colombia,1,20,votes,desc
UWashingtonX%2FCOMM220UWx%2F1T2014,Burgos,1,20,comments,desc
HarvardX%2FHDS1544.1x%2F2013_SOND,hml,1,20,date,desc
HarvardX%2FSW12.2x%2F1T2014,Patster,1,20,date,desc
UTAustinX%2FUT.3.01x%2F2013_Sept,certificate,2,20,date,desc
HarvardX%2FHDS1544.1x%2F2013_SOND,bertran,1,20,date,desc
HarvardX%2FHDS1544.1x%2F2013_SOND,helenaur,1,20,date,desc
UWashingtonX%2FCOMM220UWx%2F1T2014,venezuela,1,20,date,desc
HarvardX%2FPH278x%2F2013_Spring,final+grade,1,20,date,desc
HarvardX%2FHDS1544.1x%2F2013_SOND,paul+jesus,1,20,date,desc
HarvardX%2FHDS1544.1x%2F2013_SOND,zacharydavis,1,20,date,desc
HarvardX%2FHDS1544.1x%2F2013_SOND,colliersan,1,20,date,desc
MITx%2F8.01x%2F2013_SOND,8.02,1,20,date,desc
MITx%2F16.101x%2F2013_SOND,progress,1,20,votes,desc
CaltechX%2FEc1011x%2F1T2014,book,1,20,date,desc
UWashingtonX%2FCOMM220UWx%2F1T2014,brazil,1,20,date,desc
MITx%2F8.01x%2F2013_SOND,8.02,1,20,date,desc
HarvardX%2FHDS1544.1x%2F2013_SOND,PeterDavidB,1,20,date,desc
HarvardX%2FHDS1544.1x%2F2013_SOND,eg+st+paul,1,20,date,desc
HarvardX%2FHDS1544.1x%2F2013_SOND,priscamary,1,20,votes,desc
UWashingtonX%2FCOMM220UWx%2F1T2014,pchandlerx,1,20,date,desc
HarvardX%2FHDS1544.1x%2F2013_SOND,DanShep,1,20,date,desc
MITx%2F4.605x%2F2013_SOND,7.,1,20,date,desc
CaltechX%2FEc1011x%2F1T2014,unit+1+notes,3,20,date,desc
UWashingtonX%2FCOMM220UWx%2F1T2014,isabella,1,20,date,desc
MITx%2FEECS.6.002x%2F3T2013,h9p2,2,20,date,desc
HarvardX%2FHDS1544.1x%2F2013_SOND,JA2680,1,20,date,desc
UWashingtonX%2FCOMM220UWx%2F1T2014,accent,1,20,date,desc
HarvardX%2FHDS1544.1x%2F2013_SOND,SCGARRETT,1,20,comments,desc
HarvardX%2FPH201x%2F2013_SOND,colomb,1,20,votes,desc
MITx%2F8.01x%2F2013_SOND,8.02,1,20,date,desc
UWashingtonX%2FCOMM220UWx%2F1T2014,Uk,1,20,date,desc
HarvardX%2FHDS1544.1x%2F2013_SOND,NoEinstein,1,20,date,desc
HarvardX%2FPH201x%2F2013_SOND,endogeneity,1,20,date,desc
DelftX%2FET3034TUx%2F2013_Fall,finalist,2,20,date,desc
UWashingtonX%2FCOMM220UWx%2F1T2014,phyberoptek,1,20,date,desc
MITx%2F8.01x%2F2013_SOND,mass+on+dome,1,20,comments,desc
HarvardX%2FSPU27x%2F2013_Oct,Chocolate,1,20,date,desc
UWashingtonX%2FCOMM220UWx%2F1T2014,luis,1,20,date,desc
HarvardX%2FHDS1544.1x%2F2013_SOND,crash,1,20,votes,desc
HarvardX%2FHDS1544.1x%2F2013_SOND,adopted,2,20,date,desc
CaltechX%2FEc1011x%2F1T2014,MSc,1,20,votes,desc
HarvardX%2FHDS1544.1x%2F2013_SOND,KarinEugenia,1,20,comments,desc
MITx%2FEECS.6.002x%2F3T2013,hw9p1,1,20,date,desc
MITx%2F8.01x%2F2013_SOND,mass+on+dome,3,20,comments,desc
MITx%2FEECS.6.002x%2F3T2013,lab10,1,20,date,desc
HarvardX%2FHDS1544.1x%2F2013_SOND,xtam,1,20,date,desc
course_id,text,page,per_page,sort_key,sort_order
UWashingtonX%2FCOMM220UWx%2F1T2014,NetherlaNDS,1,20,date,desc
HarvardX%2FHDS1544.1x%2F2013_SOND,elangn,1,20,date,desc
HarvardX%2FHDS1544.1x%2F2013_SOND,ideas+of+the,1,20,votes,desc
CaltechX%2FEc1011x%2F1T2014,q4,1,20,date,desc
UWashingtonX%2FCOMM220UWx%2F1T2014,germany,1,20,votes,desc
HarvardX%2FHDS1544.1x%2F2013_SOND,funsho,1,20,date,desc
HarvardX%2FHDS1544.1x%2F2013_SOND,Willerd,1,20,votes,desc
HarvardX%2FHDS1544.1x%2F2013_SOND,download,1,20,date,desc
MITx%2F4.605x%2F2013_SOND,early+christian,1,20,date,desc
MITx%2F6.00.1x%2F3T2013,certificate,1,20,date,desc
CaltechX%2FEc1011x%2F1T2014,unit+1+notes,2,20,date,desc
HarvardX%2FHDS1544.1x%2F2013_SOND,Albiondweller,1,20,date,desc
UWashingtonX%2FCOMM220UWx%2F1T2014,IT,1,20,date,desc
HarvardX%2FHDS1544.1x%2F2013_SOND,Mel,1,20,comments,desc
HarvardX%2FHSPH-HMS214x%2F2013_SOND,date,1,20,date,desc
HarvardX%2FHDS1544.1x%2F2013_SOND,%22paul+is+a+complex+man%22,7,20,date,desc
MITx%2F8.01x%2F2013_SOND,tjmck,1,20,date,desc
UWashingtonX%2FCOMM220UWx%2F1T2014,leah,1,20,date,desc
edX%2FDemoX%2FDemo_Course,computer,1,20,votes,desc
CaltechX%2FEc1011x%2F1T2014,q4,1,20,date,desc
MITx%2F8.01x%2F2013_SOND,certificate,1,20,date,desc
HarvardX%2FHDS1544.1x%2F2013_SOND,elanagn,1,20,date,desc
MITx%2F6.002x%2F2013_Spring,H9P1,1,20,date,desc
MITx%2F3.086x%2F2013_SOND,progress+bar,2,20,date,desc
UWashingtonX%2FCOMM220UWx%2F1T2014,venezuela,1,20,date,desc
HarvardX%2FSPU27x%2F2013_Oct,diffusion+coefficient+meat+balls,1,20,date,desc
RiceX%2FPHYS102x%2F2013_Oct,certificates,1,20,comments,desc
UWashingtonX%2FCOMM220UWx%2F1T2014,india,2,20,date,desc
HarvardX%2FHDS1544.1x%2F2013_SOND,Bolinaga,1,20,date,desc
UWashingtonX%2FCOMM220UWx%2F1T2014,japan,1,20,comments,desc
HarvardX%2FHDS1544.1x%2F2013_SOND,acts,1,20,date,desc
CaltechX%2FEc1011x%2F1T2014,practice+problem+1.4,1,20,date,desc
HarvardX%2FHDS1544.1x%2F2013_SOND,STAFF,1,20,date,desc
UWashingtonX%2FCOMM220UWx%2F1T2014,vasilis,1,20,comments,desc
HarvardX%2FHDS1544.1x%2F2013_SOND,priscamary,1,20,comments,desc
UWashingtonX%2FCOMM220UWx%2F1T2014,venezuela,1,20,date,desc
UWashingtonX%2FCOMM220UWx%2F1T2014,gpatil79,1,20,date,desc
HarvardX%2FHDS1544.1x%2F2013_SOND,wilfert,1,20,votes,desc
MITx%2F8.01x%2F2013_SOND,stephenharrington,2,20,date,desc
MITx%2F8.01x%2F2013_SOND,time+exam,1,20,date,desc
UWashingtonX%2FCOMM220UWx%2F1T2014,japan,1,20,comments,desc
MITx%2F8.02x%2F2013_Spring,motor,1,20,date,desc
HarvardX%2FHDS1544.1x%2F2013_SOND,ipad,1,20,votes,desc
HarvardX%2FSW12.2x%2F1T2014,FiveWillows,1,20,date,desc
MITx%2FEECS.6.002x%2F3T2013,H9P2,1,20,date,desc
UWashingtonX%2FCOMM220UWx%2F1T2014,ja,1,20,votes,desc
UWashingtonX%2FCOMM220UWx%2F1T2014,london,1,20,comments,desc
HarvardX%2FHDS1544.1x%2F2013_SOND,tknoren,1,20,date,desc
RiceX%2FPHYS102x%2F2013_Oct,certificates,1,20,comments,desc
HarvardX%2FHDS1544.1x%2F2013_SOND,Kimkeck,1,20,date,desc
UWashingtonX%2FCOMM220UWx%2F1T2014,go+here,1,20,date,desc
HarvardX%2FHDS1544.1x%2F2013_SOND,rachel,1,20,comments,desc
MITx%2F8.01x%2F2013_SOND,mit,1,20,date,desc
MITx%2F6.002x%2F2013_Spring,lab,2,20,date,desc
HarvardX%2FHDS1544.1x%2F2013_SOND,maxaug,1,20,comments,desc
HarvardX%2FHDS1544.1x%2F2013_SOND,larry,1,20,votes,desc
UWashingtonX%2FCOMM220UWx%2F1T2014,arabic,1,20,date,desc
MITx%2F8.01x%2F2013_SOND,ex3q9,1,20,comments,desc
UWashingtonX%2FCOMM220UWx%2F1T2014,download,1,20,date,desc
HarvardX%2FSPU27x%2F2013_Oct,lab+reports+boring,2,20,date,desc
CaltechX%2FEc1011x%2F1T2014,practice+problem+1.4,1,20,comments,desc
CaltechX%2FCS1156x%2FFall2013,eureqa,1,20,date,desc
HarvardX%2FSPU27x%2F2013_Oct,length,1,20,date,desc
CaltechX%2FEc1011x%2F1T2014,kkulkarni,1,20,date,desc
HarvardX%2FHDS1544.1x%2F2013_SOND,velvet+hammer,1,20,votes,desc
HarvardX%2FHDS1544.1x%2F2013_SOND,westonbecker,1,20,comments,desc
HarvardX%2FHDS1544.1x%2F2013_SOND,PeterDavidB,1,20,date,desc
HarvardX%2FSPU27x%2F2013_Oct,rancher,1,20,date,desc
HarvardX%2FHDS1544.1x%2F2013_SOND,%22paul+is+a+complex+man%22,4,20,date,desc
CaltechX%2FEc1011x%2F1T2014,caption,1,20,date,desc
MITx%2F3.086x%2F2013_SOND,progress,1,20,date,desc
CaltechX%2FCS1156x%2FFall2013,eureka,1,20,date,desc
MITx%2F8.01x%2F2013_SOND,pdf,1,20,date,desc
MITx%2F8.01x%2F2013_SOND,+third+8.01x+Exam+,1,20,date,desc
CaltechX%2FEc1011x%2F1T2014,unit+1+notes,1,20,date,desc
MITx%2F8.01x%2F2013_SOND,THANKS++8.03x,1,20,date,desc
HarvardX%2FSPU27x%2F2013_Oct,deadlines,1,20,date,desc
HarvardX%2FHDS1544.1x%2F2013_SOND,elanagn,1,20,date,desc
MITx%2F24.00x%2F2013_SOND,certificates,1,20,date,desc
HarvardX%2FSW12.2x%2F1T2014,Carmine+Minnella,1,20,date,desc
MITx%2FEECS.6.002x%2F3T2013,H9P2,1,20,date,desc
HarvardX%2FSW12.2x%2F1T2014,FiveWillows,1,20,date,desc
HarvardX%2FSPU27x%2F2013_Oct,Chocolate,1,20,date,desc
CaltechX%2FEc1011x%2F1T2014,practice+problem+1.4,1,20,votes,desc
HarvardX%2FHDS1544.1x%2F2013_SOND,+hampshire,1,20,date,desc
WellesleyX%2FANTH_207x%2F2013_SOND,Homo+erectus+2,1,20,date,desc
HarvardX%2FHDS1544.1x%2F2013_SOND,JEarlM,1,20,votes,desc
HarvardX%2FHDS1544.1x%2F2013_SOND,nashville,1,20,comments,desc
MITx%2FEECS.6.002x%2F3T2013,h9p1,1,20,comments,desc
HarvardX%2FHDS1544.1x%2F2013_SOND,matrayand,1,20,comments,desc
MITx%2F16.101x%2F2013_SOND,exam+final,1,20,date,desc
MITx%2F8.01x%2F2013_SOND,canada,1,20,date,desc
MITx%2FEECS.6.002x%2F3T2013,h9p2,2,20,date,desc
HarvardX%2FSPU27x%2F2013_Oct,Which+ingredient%28s%29+in+the+gluten-free+recipe+do+you+think+are+fulfilling+the+role+of+the+missing+%28or+less+abundant%29+gluten,1,20,votes,desc
UWashingtonX%2FCOMM220UWx%2F1T2014,shy,2,20,date,desc
HarvardX%2FHDS1544.1x%2F2013_SOND,technical+difficulties,1,20,date,desc
HarvardX%2FHDS1544.1x%2F2013_SOND,donahoo123,1,20,date,desc
HarvardX%2FHSPH-HMS214x%2F2013_SOND,bolette,1,20,date,desc
MITx%2FEECS.6.002x%2F3T2013,H9P1,1,20,date,desc
HarvardX%2FSPU27x%2F2013_Oct,molten+chocolate+cake,1,20,votes,desc
HarvardX%2FSW12.2x%2F1T2014,emergence,1,20,date,desc
CaltechX%2FEc1011x%2F1T2014,Egypt,1,20,date,desc
HarvardX%2FHDS1544.1x%2F2013_SOND,funsho,1,20,date,desc
MITx%2FEECS.6.002x%2F3T2013,H8,1,20,date,desc
BerkeleyX%2FColWri2.1x%2F3T2013,download,1,20,date,desc
UWashingtonX%2FCOMM220UWx%2F1T2014,ja,1,20,date,desc
CaltechX%2FEc1011x%2F1T2014,greetings,1,20,date,desc
MITx%2F4.605x%2F2013_SOND,%22%5Bofficial%5D+lecture+13%22,1,20,date,desc
HarvardX%2FHDS1544.1x%2F2013_SOND,bigoledufus,1,20,comments,desc
MITx%2F8.01x%2F2013_SOND,mass+on+dome,2,20,comments,desc
MITx%2F6.002x%2F2013_Spring,dc+to+dc,1,20,date,desc
HarvardX%2FHDS1544.1x%2F2013_SOND,saints,1,20,date,desc
HarvardX%2FHDS1544.1x%2F2013_SOND,zimagan21,1,20,votes,desc
DelftX%2FET3034TUx%2F2013_Fall,workshop,1,20,date,desc
HarvardX%2FHDS1544.1x%2F2013_SOND,kay,1,20,date,desc
HarvardX%2FSPU27x%2F2013_Oct,average+protein+crosslink+distance,1,20,date,desc
HarvardX%2FHDS1544.1x%2F2013_SOND,edx,1,20,comments,desc
UWashingtonX%2FCOMM220UWx%2F1T2014,gauri,1,20,date,desc
HarvardX%2FHDS1544.1x%2F2013_SOND,Willerd,1,20,votes,desc
HarvardX%2FHDS1544.1x%2F2013_SOND,redlandstang,1,20,votes,desc
HarvardX%2FSW12.2x%2F1T2014,assessment+3,1,20,comments,desc
HarvardX%2FHDS1544.1x%2F2013_SOND,louis,1,20,comments,desc
HarvardX%2FHDS1544.1x%2F2013_SOND,Robert+,1,20,date,desc
HarvardX%2FHDS1544.1x%2F2013_SOND,rachel+moore,1,20,date,desc
UWashingtonX%2FCOMM220UWx%2F1T2014,boston,1,20,date,desc
HarvardX%2FHDS1544.1x%2F2013_SOND,paul+jesus,2,20,date,desc
HarvardX%2FSW12.2x%2F1T2014,Five_Willows,1,20,date,desc
UWashingtonX%2FCOMM220UWx%2F1T2014,NetherlaNDS,2,20,date,desc
DelftX%2FET3034TUx%2F2013_Fall,download,1,20,date,desc
HarvardX%2FHDS1544.1x%2F2013_SOND,Domenzain,1,20,date,desc
HarvardX%2FHDS1544.1x%2F2013_SOND,rdh,1,20,votes,desc
MITx%2F8.01x%2F2013_SOND,luke,1,20,date,desc
HarvardX%2FHDS1544.1x%2F2013_SOND,mmitchell80,1,20,comments,desc
UWashingtonX%2FCOMM220UWx%2F1T2014,voip,1,20,date,desc
MITx%2FEECS.6.002x%2F3T2013,H9P1,1,20,date,desc
HarvardX%2FSW12.2x%2F1T2014,Pamirs,1,20,date,desc
HarvardX%2FHDS1544.1x%2F2013_SOND,SCGARRETT,1,20,date,desc
BerkeleyX%2FCS188.1x%2F2013_Spring,project+2,2,20,date,desc
HarvardX%2FHDS1544.1x%2F2013_SOND,MichaelRaymond,1,20,date,desc
HarvardX%2FHDS1544.1x%2F2013_SOND,hi,1,20,date,desc
HarvardX%2FHDS1544.1x%2F2013_SOND,unavailable,1,20,date,desc
HarvardX%2FHDS1544.1x%2F2013_SOND,james,1,20,date,desc
MITx%2FEECS.6.002x%2F3T2013,hw9,1,20,date,desc
HarvardX%2FHDS1544.1x%2F2013_SOND,kmartin42,1,20,comments,desc
CaltechX%2FEc1011x%2F1T2014,dakar,1,20,date,desc
HarvardX%2FHDS1544.1x%2F2013_SOND,noeinstein,1,20,date,desc
CaltechX%2FEc1011x%2F1T2014,book,1,20,date,desc
UWashingtonX%2FCOMM220UWx%2F1T2014,hi%2C+everyone+%21,1,20,date,desc
HarvardX%2FSPU27x%2F2013_Oct,sucrose+arrangement+density+bonds,1,20,date,desc
UWashingtonX%2FCOMM220UWx%2F1T2014,facebook+group,1,20,date,desc
HarvardX%2FHDS1544.1x%2F2013_SOND,larry,1,20,date,desc
MITx%2F7.00x%2F2013_SOND,follow-up,3,20,date,desc
HarvardX%2FSW12.2x%2F1T2014,monthly+ordinance+-+first+month+-+,2,20,date,desc
UWashingtonX%2FCOMM220UWx%2F1T2014,Jillcuzz,1,20,date,desc
MITx%2F8.01x%2F2013_SOND,mass+on+dome,4,20,comments,desc
HarvardX%2FSPU27x%2F2013_Oct,pancakes,1,20,date,desc
BerkeleyX%2FColWri2.1x%2F3T2013,grades,1,20,date,desc
HarvardX%2FHDS1544.1x%2F2013_SOND,1000,1,20,comments,desc
MITx%2F8.01x%2F2013_SOND,archive,1,20,date,desc
HarvardX%2FSW12.2x%2F1T2014,late,1,20,date,desc
HarvardX%2FHDS1544.1x%2F2013_SOND,elanag,1,20,date,desc
HarvardX%2FSPU27x%2F2013_Oct,cross+link+distance,1,20,date,desc
UWashingtonX%2FCOMM220UWx%2F1T2014,VictoriaZhukovska,1,20,date,desc
HarvardX%2FHDS1544.1x%2F2013_SOND,apocalyptic,1,20,date,desc
UWashingtonX%2FCOMM220UWx%2F1T2014,memphis,1,20,votes,desc
MITx%2FEECS.6.002x%2F3T2013,am+radio+tuning,1,20,date,desc
UWashingtonX%2FCOMM220UWx%2F1T2014,Burgos,1,20,date,desc
UWashingtonX%2FCOMM220UWx%2F1T2014,italo+perazzoli,1,20,date,desc
HarvardX%2FHDS1544.1x%2F2013_SOND,jlb,1,20,date,desc
HarvardX%2FHDS1544.1x%2F2013_SOND,larry,2,20,votes,desc
HarvardX%2FHDS1544.1x%2F2013_SOND,PeterDavidB,1,20,date,desc
HarvardX%2FHDS1544.1x%2F2013_SOND,Day+2,2,20,comments,desc
CaltechX%2FEc1011x%2F1T2014,4,1,20,date,desc
UWashingtonX%2FCOMM220UWx%2F1T2014,dominican,1,20,comments,desc
HarvardX%2FHDS1544.1x%2F2013_SOND,capacity,1,20,date,desc
HarvardX%2FSW12.2x%2F1T2014,knowledgecollector,1,20,date,desc
MITx%2F8.01x%2F2013_SOND,8.03x,1,20,date,desc
MITx%2F3.086x%2F2013_SOND,assignment+2+codes,1,20,date,desc
HarvardX%2FHDS1544.1x%2F2013_SOND,velvet,1,20,date,desc
HarvardX%2FSPU27x%2F2013_Oct,pancake,1,20,date,desc
BerkeleyX%2FColWri2.1x%2F3T2013,grades,2,20,date,desc
HarvardX%2FHDS1544.1x%2F2013_SOND,response,1,20,date,desc
CaltechX%2FCS1156x%2FFall2013,hw6,1,20,date,desc
MITx%2F6.00.1x%2F3T2013,certificate,1,20,date,desc
MITx%2F3.086x%2F2013_SOND,rawlly,2,20,date,desc
MITx%2FEECS.6.002x%2F3T2013,Lab9,1,20,date,desc
HarvardX%2FHDS1544.1x%2F2013_SOND,wbecker,1,20,comments,desc
HarvardX%2FHDS1544.1x%2F2013_SOND,Very+interesting+,1,20,comments,desc
HarvardX%2FSPU27x%2F2013_Oct,pascals,1,20,date,desc
HarvardX%2FHDS1544.1x%2F2013_SOND,mmitchell80,1,20,votes,desc
HarvardX%2FER22x%2F2013_Spring,Natasa3,1,20,date,desc
MITx%2FEECS.6.002x%2F3T2013,9,1,20,date,desc
MITx%2FEECS.6.002x%2F3T2013,H9P1,2,20,date,desc
MITx%2F7.00x%2F2013_SOND,notes,1,20,date,desc
CaltechX%2FEc1011x%2F1T2014,phd,1,20,votes,desc
CaltechX%2FEc1011x%2F1T2014,statement+of+,1,20,date,desc
HarvardX%2FHDS1544.1x%2F2013_SOND,matrayand,1,20,votes,desc
HarvardX%2FHDS1544.1x%2F2013_SOND,elanagn,1,20,date,desc
MITx%2F6.002x%2F2013_Spring,H9P2,1,20,date,desc
HarvardX%2FHDS1544.1x%2F2013_SOND,DaveHilde,1,20,comments,desc
UWashingtonX%2FCOMM220UWx%2F1T2014,vasilis,1,20,date,desc
HarvardX%2FHDS1544.1x%2F2013_SOND,Callahan,1,20,date,desc
HarvardX%2FHDS1544.1x%2F2013_SOND,scottydenman,1,20,date,desc
HarvardX%2FHDS1544.1x%2F2013_SOND,Matrayand,1,20,comments,desc
HarvardX%2FHDS1544.1x%2F2013_SOND,Mel4482,1,20,date,desc
MITx%2F24.00x%2F2013_SOND,certificates,2,20,date,desc
MITx%2FEECS.6.002x%2F3T2013,8,2,20,date,desc
MITx%2F16.101x%2F2013_SOND,%5BOHV%5D+overview,1,20,date,desc
UWashingtonX%2FCOMM220UWx%2F1T2014,spain,1,20,date,desc
HarvardX%2FSPU27x%2F2013_Oct,meat+ball+questions,1,20,date,desc
TsinghuaX%2F20220332X%2F3T2013,week+4,1,20,date,desc
HarvardX%2FHDS1544.1x%2F2013_SOND,hml,1,20,date,desc
HarvardX%2FHDS1544.1x%2F2013_SOND,metaphorical,1,20,date,desc
MITx%2FEECS.6.002x%2F3T2013,h9p1,1,20,date,desc
MITx%2FEECS.6.002x%2F3T2013,s12e4,1,20,date,desc
HarvardX%2FHDS1544.1x%2F2013_SOND,Willerd,1,20,comments,desc
HarvardX%2FHDS1544.1x%2F2013_SOND,ana+fausta,1,20,comments,desc
HarvardX%2FHDS1544.1x%2F2013_SOND,hayley,1,20,comments,desc
MITx%2F4.605x%2F2013_SOND,%5Bofficial%5D+lecture+13,1,20,date,desc
HarvardX%2FHDS1544.1x%2F2013_SOND,my_edx,1,20,date,desc
UWashingtonX%2FCOMM220UWx%2F1T2014,gpatil,1,20,date,desc
UWashingtonX%2FCOMM220UWx%2F1T2014,dominican,1,20,comments,desc
UWashingtonX%2FCOMM220UWx%2F1T2014,uae,1,20,date,desc
MITx%2F8.01x%2F2013_SOND,slumbering,1,20,date,desc
HarvardX%2FHDS1544.1x%2F2013_SOND,Day+2,1,20,date,desc
MITx%2F3.086x%2F2013_SOND,assignment+2,1,20,date,desc
MITx%2F8.01x%2F2013_SOND,sliding+down+a+dome,1,20,date,desc
HarvardX%2FHDS1544.1x%2F2013_SOND,agape,1,20,date,desc
MITx%2F8.01x%2F2013_SOND,progress,1,20,date,desc
DelftX%2FET3034TUx%2F2013_Fall,share,2,20,date,desc
HarvardX%2FHDS1544.1x%2F2013_SOND,dissatisfaction,1,20,comments,desc
HarvardX%2FHDS1544.1x%2F2013_SOND,CatWatcher,2,20,date,desc
HarvardX%2FHDS1544.1x%2F2013_SOND,guiceman,1,20,date,desc
MITx%2F6.002x%2F2013_Spring,9,2,20,date,desc
MITx%2FEECS.6.002x%2F3T2013,lab9,2,20,date,desc
UWashingtonX%2FCOMM220UWx%2F1T2014,public+speaking,5,20,date,desc
HarvardX%2FHDS1544.1x%2F2013_SOND,urvuy,1,20,date,desc
MITx%2F6.002x%2F2013_Spring,boost,1,20,date,desc
HarvardX%2FHDS1544.1x%2F2013_SOND,lilia,2,20,date,desc
UWashingtonX%2FCOMM220UWx%2F1T2014,%D1%80%D1%83%D1%81%D1%81,1,20,votes,desc
HarvardX%2FHDS1544.1x%2F2013_SOND,larry,1,20,date,desc
MITx%2F3.086x%2F2013_SOND,progress+bar,1,20,comments,desc
HarvardX%2FHDS1544.1x%2F2013_SOND,CatWatcher,1,20,comments,desc
HarvardX%2FHDS1544.1x%2F2013_SOND,emily,1,20,comments,desc
HarvardX%2FHDS1544.1x%2F2013_SOND,response+to+philemon+,2,20,date,desc
UWashingtonX%2FCOMM220UWx%2F1T2014,Russia,1,20,date,desc
MITx%2FEECS.6.002x%2F3T2013,H10P2,1,20,date,desc
HarvardX%2FHDS1544.1x%2F2013_SOND,jemmapes,1,20,date,desc
HarvardX%2FSW12.2x%2F1T2014,5+Willows,1,20,date,desc
HarvardX%2FSW12.2x%2F1T2014,friends,1,20,date,desc
HarvardX%2FHDS1544.1x%2F2013_SOND,Filemon,1,20,date,desc
UWashingtonX%2FCOMM220UWx%2F1T2014,public+speaking,2,20,date,desc
HarvardX%2FHDS1544.1x%2F2013_SOND,kathy,2,20,date,desc
HarvardX%2FHDS1544.1x%2F2013_SOND,adopted,1,20,date,desc
HarvardX%2FHDS1544.1x%2F2013_SOND,apocalyptic,1,20,date,desc
MITx%2F8.01x%2F2013_SOND,8.02x,2,20,date,desc
MITx%2F8.01x%2F2013_SOND,8.02x,1,20,votes,desc
HarvardX%2FHDS1544.1x%2F2013_SOND,donahoo123,1,20,date,desc
HarvardX%2FHDS1544.1x%2F2013_SOND,PG+,1,20,date,desc
DelftX%2FET3034TUx%2F2013_Fall,share,1,20,date,desc
CaltechX%2FEc1011x%2F1T2014,q4,2,20,date,desc
UWashingtonX%2FCOMM220UWx%2F1T2014,india,1,20,comments,desc
HarvardX%2FHDS1544.1x%2F2013_SOND,jeanib,1,20,comments,desc
MITx%2F6.00.1x%2F3T2013,certificate,1,20,date,desc
HarvardX%2FHDS1544.1x%2F2013_SOND,1000,1,20,date,desc
MITx%2F24.00x%2F2013_SOND,macnomadic,1,20,date,desc
HarvardX%2FHDS1544.1x%2F2013_SOND,f,1,20,date,desc
MITx%2F3.086x%2F2013_SOND,19944,1,20,date,desc
HarvardX%2FHDS1544.1x%2F2013_SOND,response+to+philemon+,3,20,date,desc
MITx%2F7.00x%2F2013_SOND,folow-up,1,20,date,desc
HarvardX%2FHDS1544.1x%2F2013_SOND,%22paul+is+a+complex+man%22,5,20,date,desc
UWashingtonX%2FCOMM220UWx%2F1T2014,teacher,1,20,date,desc
HarvardX%2FHDS1544.1x%2F2013_SOND,methus,1,20,date,desc
MITx%2FEECS.6.002x%2F3T2013,H10P2,1,20,date,desc
HarvardX%2FHDS1544.1x%2F2013_SOND,Raymond,1,20,votes,desc
UWashingtonX%2FCOMM220UWx%2F1T2014,slovenia,1,20,date,desc
UWashingtonX%2FCOMM220UWx%2F1T2014,introductory,1,20,date,desc
HarvardX%2FHSPH-HMS214x%2F2013_SOND,Lts,1,20,date,desc
CaltechX%2FEc1011x%2F1T2014,4,1,20,date,desc
UWashingtonX%2FCOMM220UWx%2F1T2014,london,1,20,date,desc
UWashingtonX%2FCOMM220UWx%2F1T2014,turket,1,20,date,desc
MITx%2F3.086x%2F2013_SOND,code,1,20,date,desc
MITx%2F6.002x%2F2013_Spring,espa%C3%B1ol,1,20,votes,desc
HarvardX%2FHDS1544.1x%2F2013_SOND,lydia,1,20,comments,desc
HarvardX%2FHDS1544.1x%2F2013_SOND,stevends,1,20,date,desc
UWashingtonX%2FCOMM220UWx%2F1T2014,memphis,1,20,date,desc
HarvardX%2FHDS1544.1x%2F2013_SOND,hartmu,1,20,votes,desc
HarvardX%2FHDS1544.1x%2F2013_SOND,PeterDavidB,1,20,date,desc
MITx%2FEECS.6.002x%2F3T2013,h9P2,1,20,date,desc
HarvardX%2FHDS1544.1x%2F2013_SOND,JEarlM,1,20,date,desc
MITx%2FEECS.6.002x%2F3T2013,H10P2,1,20,date,desc
CaltechX%2FEc1011x%2F1T2014,practice+problem+1.4,1,20,votes,desc
BerkeleyX%2FCS188.1x%2F2013_Spring,project+bfs,1,20,date,desc
HarvardX%2FHDS1544.1x%2F2013_SOND,the+letters+of+the+Apostle+Paul,1,20,date,desc
UWashingtonX%2FCOMM220UWx%2F1T2014,video,1,20,date,desc
MITx%2F24.00x%2F2013_SOND,translate+to+german,1,20,date,desc
HarvardX%2FHDS1544.1x%2F2013_SOND,larry,1,20,votes,desc
HarvardX%2FHDS1544.1x%2F2013_SOND,biomir,1,20,date,desc
HarvardX%2FHDS1544.1x%2F2013_SOND,cj18,1,20,date,desc
MITx%2F16.101x%2F2013_SOND,aperdigo,1,20,date,desc
HarvardX%2FHDS1544.1x%2F2013_SOND,elanagn,1,20,votes,desc
HarvardX%2FHDS1544.1x%2F2013_SOND,reference,1,20,date,desc
HarvardX%2FSPU27x%2F2013_Oct,UkMike,1,20,date,desc
HarvardX%2FHDS1544.1x%2F2013_SOND,onesimus,1,20,date,desc
HarvardX%2FHDS1544.1x%2F2013_SOND,associated+historical,1,20,date,desc
MITx%2F3.086x%2F2013_SOND,progress+bar,1,20,date,desc
MITx%2F8.01x%2F2013_SOND,time+exam,1,20,votes,desc
HarvardX%2FSPU27x%2F2013_Oct,soraia,1,20,date,desc
HarvardX%2FHDS1544.1x%2F2013_SOND,Mel4482,1,20,comments,desc
HarvardX%2FHDS1544.1x%2F2013_SOND,jbaumstarck,1,20,date,desc
HarvardX%2FSW12.2x%2F1T2014,monthly+ordinance+-+first+month+-+,1,20,comments,desc
MITx%2FEECS.6.002x%2F3T2013,lb9,1,20,date,desc
HarvardX%2FHDS1544.1x%2F2013_SOND,vilail,1,20,date,desc
MITx%2F4.605x%2F2013_SOND,review+question+7,1,20,date,desc
MITx%2F24.00x%2F2013_SOND,austria,1,20,votes,desc
HarvardX%2FHDS1544.1x%2F2013_SOND,CatWatcher,1,20,date,desc
HarvardX%2FSPU27x%2F2013_Oct,mac+cheese,2,20,date,desc
UTAustinX%2FUT.3.01x%2F2013_Sept,certificate,1,20,date,desc
HarvardX%2FHDS1544.1x%2F2013_SOND,bondokoto,1,20,date,desc
HarvardX%2FSPU27x%2F2013_Oct,elasticity+chicken,1,20,date,desc
HarvardX%2FHDS1544.1x%2F2013_SOND,paul+jesus,4,20,date,desc
TsinghuaX%2F20220332X%2F3T2013,l19,1,20,date,desc
MITx%2F8.01x%2F2013_SOND,8.02x,1,20,date,desc
MITx%2F6.00.1x%2F3T2013,binary,1,20,date,desc
UWashingtonX%2FCOMM220UWx%2F1T2014,arab,1,20,date,desc
MITx%2F4.605x%2F2013_SOND,%5Bofficial%5D+week+7,2,20,date,desc
HarvardX%2FSW12.2x%2F1T2014,Patster,1,20,comments,desc
UWashingtonX%2FCOMM220UWx%2F1T2014,ashraf,1,20,comments,desc
HarvardX%2FHDS1544.1x%2F2013_SOND,Catwatcher,1,20,date,desc
HarvardX%2FHDS1544.1x%2F2013_SOND,mmitchell80,1,20,date,desc
HarvardX%2FHDS1544.1x%2F2013_SOND,maria3k,1,20,date,desc
HarvardX%2FHDS1544.1x%2F2013_SOND,poetry+genius,2,20,date,desc
HarvardX%2FHDS1544.1x%2F2013_SOND,vinceisonline,1,20,date,desc
HarvardX%2FHDS1544.1x%2F2013_SOND,paul+jesus,2,20,date,desc
CaltechX%2FEc1011x%2F1T2014,videos,1,20,date,desc
HarvardX%2FHDS1544.1x%2F2013_SOND,mmitchell80,1,20,comments,desc
HarvardX%2FHDS1544.1x%2F2013_SOND,louis+bond,1,20,comments,desc
MITx%2F8.01x%2F2013_SOND,8.02,1,20,date,desc
HarvardX%2FHDS1544.1x%2F2013_SOND,literal,1,20,date,desc
HarvardX%2FHDS1544.1x%2F2013_SOND,guillermo,1,20,date,desc
HarvardX%2FHDS1544.1x%2F2013_SOND,jeanib,1,20,date,desc
BerkeleyX%2FCS.169.2x%2F3T2013,certificate,1,20,date,desc
MITx%2FEECS.6.002x%2F3T2013,h9p1,2,20,date,desc
UWashingtonX%2FCOMM220UWx%2F1T2014,Espirulina,1,20,comments,desc
HarvardX%2FSW12x%2F2013_SOND,certificate,1,20,comments,desc
HarvardX%2FHDS1544.1x%2F2013_SOND,noeinstein,1,20,date,desc
HarvardX%2FSPU27x%2F2013_Oct,can%27t+submit+answer,1,20,date,desc
UWashingtonX%2FCOMM220UWx%2F1T2014,hong+kong,2,20,date,desc
MITx%2F6.00.1x%2F3T2013,010101,1,20,date,desc
HarvardX%2FHDS1544.1x%2F2013_SOND,elanagn,1,20,date,desc
HarvardX%2FSW12.2x%2F1T2014,monthly+ordinances,1,20,date,desc
HarvardX%2FHDS1544.1x%2F2013_SOND,redlandstang,1,20,date,desc
HarvardX%2FSPU27x%2F2013_Oct,viscosifiers,1,20,date,desc
MITx%2F8.01x%2F2013_SOND,venturi,1,20,date,desc
CaltechX%2FEc1011x%2F1T2014,video,1,20,date,desc
HarvardX%2FHDS1544.1x%2F2013_SOND,josvilayil,1,20,comments,desc
HarvardX%2FHDS1544.1x%2F2013_SOND,josvilayil,1,20,date,desc
EPFLx%2FBIO465x%2F2013_OND,eigenvalues,1,20,date,desc
UWashingtonX%2FCOMM220UWx%2F1T2014,video,1,20,date,desc
HarvardX%2FSPU27x%2F2013_Oct,lab+reports+boring,1,20,date,desc
HarvardX%2FHDS1544.1x%2F2013_SOND,mattwagner515,1,20,date,desc
HarvardX%2FHDS1544.1x%2F2013_SOND,Mel4482,1,20,comments,desc
MITx%2FEECS.6.002x%2F3T2013,survey,1,20,date,desc
MITx%2F8.01x%2F2013_SOND,time+exam,1,20,comments,desc
HarvardX%2FHDS1544.1x%2F2013_SOND,jennifer,2,20,date,desc
HarvardX%2FSPU27x%2F2013_Oct,crosslink+distance,1,20,date,desc
HarvardX%2FHDS1544.1x%2F2013_SOND,CatWatcher,1,20,comments,desc
HarvardX%2FHDS1544.1x%2F2013_SOND,okellyn,1,20,comments,desc
HarvardX%2FHDS1544.1x%2F2013_SOND,noeinstein,1,20,date,desc
HarvardX%2FSPU27x%2F2013_Oct,week+4+lab,1,20,date,desc
MITx%2F8.01x%2F2013_SOND,exam3,1,20,date,desc
HarvardX%2FSPU27x%2F2013_Oct,igor,1,20,date,desc
HarvardX%2FHDS1544.1x%2F2013_SOND,support+poetry,1,20,date,desc
HarvardX%2FHDS1544.1x%2F2013_SOND,cj18,1,20,date,desc
MITx%2FEECS.6.002x%2F3T2013,hw9,1,20,comments,desc
HarvardX%2FHDS1544.1x%2F2013_SOND,joost+baars,1,20,votes,desc
HarvardX%2FHDS1544.1x%2F2013_SOND,maria3k,1,20,date,desc
HarvardX%2FHDS1544.1x%2F2013_SOND,new+hampshire,1,20,date,desc
MITx%2F4.605x%2F2013_SOND,12.2.2,1,20,date,desc
MITx%2FEECS.6.002x%2F3T2013,hw9p2,1,20,date,desc
HarvardX%2FHDS1544.1x%2F2013_SOND,Bolinaga,1,20,votes,desc
HarvardX%2FHDS1544.1x%2F2013_SOND,joostbaars,1,20,date,desc
HarvardX%2FHSPH-HMS214x%2F2013_SOND,certificate,1,20,date,desc
HarvardX%2FHDS1544.1x%2F2013_SOND,drew52,1,20,date,desc
UWashingtonX%2FCOMM220UWx%2F1T2014,hello+everyone,1,20,date,desc
UWashingtonX%2FCOMM220UWx%2F1T2014,yasser,1,20,date,desc
HarvardX%2FHDS1544.1x%2F2013_SOND,hayley,1,20,votes,desc
HarvardX%2FHDS1544.1x%2F2013_SOND,kuniyoshi,1,20,date,desc
MITx%2FEECS.6.002x%2F3T2013,LAB9,1,20,date,desc
HarvardX%2FHDS1544.1x%2F2013_SOND,elanagn,1,20,date,desc
HarvardX%2FHDS1544.1x%2F2013_SOND,ipad,2,20,votes,desc
HarvardX%2FHDS1544.1x%2F2013_SOND,hhw,1,20,votes,desc
HarvardX%2FHDS1544.1x%2F2013_SOND,joostbaars,1,20,date,desc
HarvardX%2FHDS1544.1x%2F2013_SOND,sarahbeth,1,20,date,desc
EPFLx%2FBIO465x%2F2013_OND,Trajectory+in+time,1,20,date,desc
MITx%2F7.00x%2F2013_SOND,follow-up,4,20,date,desc
UWashingtonX%2FCOMM220UWx%2F1T2014,hrvatske,1,20,date,desc
MITx%2F6.002x%2F2013_Spring,boost+converter,1,20,date,desc
UWashingtonX%2FCOMM220UWx%2F1T2014,michigan,2,20,date,desc
CaltechX%2FEc1011x%2F1T2014,Q4,1,20,date,desc
HarvardX%2FSPU27x%2F2013_Oct,average+protein+crosslink+distance,4,20,date,desc
UWashingtonX%2FCOMM220UWx%2F1T2014,qatar,1,20,comments,desc
UWashingtonX%2FCOMM220UWx%2F1T2014,los+angeles,2,20,date,desc
MITx%2FEECS.6.002x%2F3T2013,H9P3,1,20,date,desc
CaltechX%2FEc1011x%2F1T2014,Book,1,20,date,desc
MITx%2FEECS.6.002x%2F3T2013,H8,1,20,date,desc
HarvardX%2FHDS1544.1x%2F2013_SOND,Lewis62,1,20,date,desc
UWashingtonX%2FCOMM220UWx%2F1T2014,dominican,1,20,date,desc
HarvardX%2FSPU27x%2F2013_Oct,sucrose+density+bonds,1,20,date,desc
MITx%2F6.00.1x%2F3T2013,certificates,1,20,comments,desc
HarvardX%2FHDS1544.1x%2F2013_SOND,where++do+l+post+my+vote,1,20,comments,desc
HarvardX%2FHDS1544.1x%2F2013_SOND,tomecat,1,20,date,desc
HarvardX%2FSPU27x%2F2013_Oct,mac+cheese,4,20,date,desc
MITx%2F8.01x%2F2013_SOND,E02P05,1,20,comments,desc
MITx%2F7.00x%2F2013_SOND,follow-up,2,20,date,desc
HarvardX%2FSPU27x%2F2013_Oct,Final+lab,1,20,votes,desc
MITx%2F8.01x%2F2013_SOND,8.02,1,20,date,desc
UWashingtonX%2FCOMM220UWx%2F1T2014,dominican,1,20,date,desc
HarvardX%2FHDS1544.1x%2F2013_SOND,priscamary,1,20,comments,desc
MITx%2F3.086x%2F2013_SOND,assignment+2,1,20,date,desc
UWashingtonX%2FCOMM220UWx%2F1T2014,Education,1,20,votes,desc
HarvardX%2FHDS1544.1x%2F2013_SOND,guillermo,1,20,date,desc
MITx%2FEECS.6.002x%2F3T2013,H9P%21,1,20,date,desc
HarvardX%2FHDS1544.1x%2F2013_SOND,paul+jesus,3,20,date,desc
UWashingtonX%2FCOMM220UWx%2F1T2014,croatia,1,20,date,desc
HarvardX%2FHDS1544.1x%2F2013_SOND,hayley,2,20,comments,desc
UWashingtonX%2FCOMM220UWx%2F1T2014,calgary,1,20,date,desc
HarvardX%2FHDS1544.1x%2F2013_SOND,1000,1,20,date,desc
HarvardX%2FSPU27x%2F2013_Oct,week+4+homework,1,20,date,desc
MITx%2F8.01x%2F2013_SOND,8.02x,1,20,date,desc
HarvardX%2FHDS1544.1x%2F2013_SOND,germany,1,20,votes,desc
HarvardX%2FSPU27x%2F2013_Oct,marinating+meat+balls,1,20,date,desc
HarvardX%2FHDS1544.1x%2F2013_SOND,ewokinco,1,20,date,desc
HarvardX%2FHDS1544.1x%2F2013_SOND,Day+2,1,20,date,desc
DelftX%2FET3034TUx%2F2013_Fall,list+of+finalists,1,20,date,desc
UWashingtonX%2FCOMM220UWx%2F1T2014,india,1,20,date,desc
HarvardX%2FSPU27x%2F2013_Oct,hw4,2,20,date,desc
HarvardX%2FHDS1544.1x%2F2013_SOND,priscamary,1,20,date,desc
HarvardX%2FHDS1544.1x%2F2013_SOND,paul+jesus,4,20,date,desc
HarvardX%2FHDS1544.1x%2F2013_SOND,unavailable,1,20,date,desc
HarvardX%2FHDS1544.1x%2F2013_SOND,elanagn,1,20,date,desc
HarvardX%2FHDS1544.1x%2F2013_SOND,priscamary,1,20,date,desc
HarvardX%2FHDS1544.1x%2F2013_SOND,louisbond,1,20,comments,desc
HarvardX%2FPH201x%2F2013_SOND,Part+6,1,20,date,desc
MITx%2FEECS.6.002x%2F3T2013,hw9p3,1,20,date,desc
MITx%2F6.00.1x%2F3T2013,binary,1,20,date,desc
HarvardX%2FHSPH-HMS214x%2F2013_SOND,assessment,1,20,date,desc
HarvardX%2FSPU27x%2F2013_Oct,nathan+mhyrvold,1,20,date,desc
UTAustinX%2FUT.3.01x%2F2013_Sept,Certificates,1,20,date,desc
DelftX%2FET3034TUx%2F2013_Fall,download,1,20,date,desc
HarvardX%2FSW12x%2F2013_SOND,certificate,1,20,date,desc
MITx%2F8.01x%2F2013_SOND,pdf,1,20,date,desc
HarvardX%2FHDS1544.1x%2F2013_SOND,velvet,1,20,date,desc
HarvardX%2FHDS1544.1x%2F2013_SOND,elanagn,1,20,date,desc
HarvardX%2FHDS1544.1x%2F2013_SOND,ewokinco,1,20,date,desc
MITx%2FEECS.6.002x%2F3T2013,h9p2,1,20,date,desc
HarvardX%2FSPU27x%2F2013_Oct,deadlines,1,20,date,desc
HarvardX%2FHDS1544.1x%2F2013_SOND,the+letters+of+the+Apostle+Paul,1,20,comments,desc
HarvardX%2FHDS1544.1x%2F2013_SOND,obedience,1,20,comments,desc
MITx%2F6.002x%2F2013_Spring,H11P1,1,20,date,desc
MITx%2F8.01x%2F2013_SOND,8.02x,2,20,date,desc
MITx%2F16.101x%2F2013_SOND,progress,1,20,votes,desc
MITx%2FEECS.6.002x%2F3T2013,H10P2,1,20,comments,desc
HarvardX%2FHDS1544.1x%2F2013_SOND,bgroves,1,20,date,desc
MITx%2F3.086x%2F2013_SOND,amir,1,20,date,desc
MITx%2F8.01x%2F2013_SOND,final+exam,1,20,date,desc
HarvardX%2FHDS1544.1x%2F2013_SOND,kurtk11,1,20,date,desc
MITx%2FEECS.6.002x%2F3T2013,radio+tuning,1,20,date,desc
HarvardX%2FHDS1544.1x%2F2013_SOND,Dale+Martin,1,20,date,desc
HarvardX%2FSPU27x%2F2013_Oct,mac+cheese,3,20,date,desc
HarvardX%2FHDS1544.1x%2F2013_SOND,Day+1,3,20,date,desc
HarvardX%2FPH201x%2F2013_SOND,bimbe,1,20,date,desc
CaltechX%2FEc1011x%2F1T2014,help,1,20,date,desc
MITx%2F7.00x%2F2013_SOND,statistics,1,20,date,desc
MITx%2F7.00x%2F2013_SOND,next+course,1,20,date,desc
MITx%2F8.01x%2F2013_SOND,8.02x,3,20,date,desc
MITx%2FEECS.6.002x%2F3T2013,H9P1,1,20,date,desc
BerkeleyX%2FColWri2.1x%2F3T2013,indonesia,1,20,comments,desc
CaltechX%2FEc1011x%2F1T2014,greeetings,1,20,date,desc
UWashingtonX%2FCOMM220UWx%2F1T2014,dominican,1,20,date,desc
MITx%2F8.01x%2F2013_SOND,+8.03x,1,20,date,desc
UWashingtonX%2FCOMM220UWx%2F1T2014,croatian,1,20,date,desc
MITx%2F3.086x%2F2013_SOND,71028,1,20,date,desc
UWashingtonX%2FCOMM220UWx%2F1T2014,czech,1,20,date,desc
HarvardX%2FHDS1544.1x%2F2013_SOND,donahoo123,1,20,comments,desc
UWashingtonX%2FCOMM220UWx%2F1T2014,memphis,1,20,date,desc
BerkeleyX%2FCS188.1x%2F2013_Spring,project,2,20,date,desc
MITx%2FEECS.6.002x%2F3T2013,h9p1,1,20,date,desc
HarvardX%2FSPU27x%2F2013_Oct,last+problem+on+bbq+steak,1,20,date,desc
UWashingtonX%2FCOMM220UWx%2F1T2014,maine,1,20,date,desc
HarvardX%2FHDS1544.1x%2F2013_SOND,kmartin42,1,20,comments,desc
HarvardX%2FHDS1544.1x%2F2013_SOND,jbarnes662,1,20,comments,desc
HarvardX%2FHDS1544.1x%2F2013_SOND,response+to+philemon+,4,20,date,desc
UWashingtonX%2FCOMM220UWx%2F1T2014,vasilis,1,20,votes,desc
HarvardX%2FSW12.2x%2F1T2014,carmineminnella,1,20,date,desc
HarvardX%2FSW12.2x%2F1T2014,carmine+minnella,1,20,date,desc
UWashingtonX%2FCOMM220UWx%2F1T2014,dubaai,1,20,date,desc
UWashingtonX%2FCOMM220UWx%2F1T2014,ashraf,1,20,date,desc
HarvardX%2FHDS1544.1x%2F2013_SOND,chandra,1,20,date,desc
UWashingtonX%2FCOMM220UWx%2F1T2014,phyberoptek,1,20,date,desc
UWashingtonX%2FCOMM220UWx%2F1T2014,English,1,20,votes,desc
HarvardX%2FHDS1544.1x%2F2013_SOND,matrayand,1,20,comments,desc
UWashingtonX%2FCOMM220UWx%2F1T2014,somali,1,20,date,desc
CaltechX%2FEc1011x%2F1T2014,PhD,1,20,votes,desc
HarvardX%2FHDS1544.1x%2F2013_SOND,saints,1,20,comments,desc
HarvardX%2FHDS1544.1x%2F2013_SOND,Todd+Noren-Hentz,1,20,comments,desc
MITx%2F2.01x%2F2013_Spring,bending+moment+diagram,1,20,comments,desc
HarvardX%2FHDS1544.1x%2F2013_SOND,tauber,1,20,date,desc
MITx%2FEECS.6.002x%2F3T2013,s18,1,20,date,desc
HarvardX%2FHDS1544.1x%2F2013_SOND,rennen,1,20,date,desc
MITx%2F7.00x%2F2013_SOND,notes,1,20,comments,desc
HarvardX%2FHDS1544.1x%2F2013_SOND,John7,1,20,date,desc
HarvardX%2FHDS1544.1x%2F2013_SOND,Writer_Ron,1,20,date,desc
MITx%2F16.101x%2F2013_SOND,%5BOHV%5D,1,20,date,desc
UWashingtonX%2FCOMM220UWx%2F1T2014,dubai,1,20,date,desc
MITx%2F6.00x%2F2013_Spring,comparing+functions,1,20,date,desc
CaltechX%2FEc1011x%2F1T2014,book,2,20,date,desc
PekingX%2F01339180X%2F3T2013,subtitles,1,20,date,desc
MITx%2F6.002x%2F2013_Spring,9,1,20,date,desc
UWashingtonX%2FCOMM220UWx%2F1T2014,harold,1,20,comments,desc
HarvardX%2FHDS1544.1x%2F2013_SOND,paul+is+a+complex+man,1,20,date,desc
MITx%2F8.01x%2F2013_SOND,HW10Q5,1,20,date,desc
UWashingtonX%2FCOMM220UWx%2F1T2014,croat%2A,1,20,date,desc
HarvardX%2FHDS1544.1x%2F2013_SOND,BrendaLBennett,1,20,votes,desc
HarvardX%2FSW12.2x%2F1T2014,FiveWillows,1,20,date,desc
HarvardX%2FSPU27x%2F2013_Oct,cook+my+meat,1,20,date,desc
HarvardX%2FSPU27x%2F2013_Oct,Final+lab,1,20,comments,desc
HarvardX%2FSW12.2x%2F1T2014,CarmineMinnella,1,20,date,desc
HarvardX%2FHDS1544.1x%2F2013_SOND,download,1,20,date,desc
HarvardX%2FHDS1544.1x%2F2013_SOND,Lewis62,1,20,date,desc
CaltechX%2FEc1011x%2F1T2014,practice+problem+1.4,1,20,votes,desc
MITx%2F6.002x%2F2013_Spring,lab+9,1,20,date,desc
MITx%2F8.01x%2F2013_SOND,thanks+and+8.03x,1,20,date,desc
MITx%2F4.605x%2F2013_SOND,%5Bofficial%5D+lecture+13,1,20,date,desc
MITx%2FEECS.6.002x%2F3T2013,H9P3,1,20,date,desc
MITx%2F3.086x%2F2013_SOND,19944,1,20,votes,desc
HarvardX%2FHDS1544.1x%2F2013_SOND,mattwagner515,1,20,date,desc
MITx%2F8.01x%2F2013_SOND,ex3q9,1,20,date,desc
HarvardX%2FHDS1544.1x%2F2013_SOND,Day+1,1,20,date,desc
UWashingtonX%2FCOMM220UWx%2F1T2014,my+purposes+with+this+course,1,20,date,desc
HarvardX%2FHDS1544.1x%2F2013_SOND,Bo7156,1,20,date,desc
HarvardX%2FHDS1544.1x%2F2013_SOND,Annotate,1,20,date,desc
HarvardX%2FSPU27x%2F2013_Oct,protein+crosslink+distance,1,20,date,desc
HarvardX%2FHDS1544.1x%2F2013_SOND,Weiers,1,20,date,desc
HarvardX%2FHDS1544.1x%2F2013_SOND,kaiser33,1,20,date,desc
HarvardX%2FHDS1544.1x%2F2013_SOND,maxaug,2,20,date,desc
MITx%2F8.01x%2F2013_SOND,time++allocated+exam,3,20,votes,desc
UWashingtonX%2FCOMM220UWx%2F1T2014,Group,1,20,votes,desc
UWashingtonX%2FCOMM220UWx%2F1T2014,ashraf,1,20,date,desc
MITx%2FEECS.6.002x%2F3T2013,H9P1,1,20,date,desc
CaltechX%2FEc1011x%2F1T2014,rawlly,1,20,date,desc
WellesleyX%2FANTH_207x%2F2013_SOND,why+Prof+is+wrong,1,20,date,desc
UWashingtonX%2FCOMM220UWx%2F1T2014,france,1,20,date,desc
HarvardX%2FHDS1544.1x%2F2013_SOND,kmartin42,1,20,comments,desc
HarvardX%2FHDS1544.1x%2F2013_SOND,survey,1,20,date,desc
WellesleyX%2FANTH_207x%2F2013_SOND,Homo+erectus+2,2,20,date,desc
HarvardX%2FHDS1544.1x%2F2013_SOND,pcox,1,20,date,desc
HarvardX%2FHDS1544.1x%2F2013_SOND,Brian,1,20,date,desc
HarvardX%2FSPU27x%2F2013_Oct,homework+week+4,3,20,date,desc
UWashingtonX%2FCOMM220UWx%2F1T2014,Brazil,2,20,date,desc
HarvardX%2FHDS1544.1x%2F2013_SOND,colliersan,1,20,votes,desc
UWashingtonX%2FCOMM220UWx%2F1T2014,intro,1,20,comments,desc
MITx%2F24.00x%2F2013_SOND,austria,2,20,votes,desc
MITx%2FEECS.6.002x%2F3T2013,H9P1,1,20,date,desc
UWashingtonX%2FCOMM220UWx%2F1T2014,los+angeles,1,20,votes,desc
HarvardX%2FHDS1544.1x%2F2013_SOND,forum+,1,20,date,desc
HarvardX%2FSPU27x%2F2013_Oct,from+staff,1,20,date,desc
MITx%2F6.00.1x%2F3T2013,course+6.0.2,1,20,date,desc
HarvardX%2FSPU27x%2F2013_Oct,cross-link+distance,1,20,date,desc
HarvardX%2FSPU27x%2F2013_Oct,soraia,1,20,date,desc
CaltechX%2FEc1011x%2F1T2014,q3,1,20,date,desc
HarvardX%2FHDS1544.1x%2F2013_SOND,paul+jesus,1,20,date,desc
HarvardX%2FHDS1544.1x%2F2013_SOND,Valdeilson,1,20,date,desc
HarvardX%2FHDS1544.1x%2F2013_SOND,leader+in+the+church,1,20,date,desc
HarvardX%2FHDS1544.1x%2F2013_SOND,Drew52,1,20,comments,desc
MITx%2F8.01x%2F2013_SOND,lewin,1,20,date,desc
HarvardX%2FHDS1544.1x%2F2013_SOND,jjoniec,1,20,date,desc
HarvardX%2FHDS1544.1x%2F2013_SOND,elan,1,20,date,desc
CaltechX%2FEc1011x%2F1T2014,problem+2,1,20,date,desc
HarvardX%2FHDS1544.1x%2F2013_SOND,emidior,1,20,comments,desc
UWashingtonX%2FCOMM220UWx%2F1T2014,great+speakers,1,20,date,desc
HarvardX%2FSW12.2x%2F1T2014,Pamirs,1,20,comments,desc
HarvardX%2FSPU27x%2F2013_Oct,average+protein+crosslink+distance,2,20,date,desc
MITx%2F7.00x%2F2013_SOND,evernote,1,20,comments,desc
HarvardX%2FHDS1544.1x%2F2013_SOND,elanagn,1,20,date,desc
HarvardX%2FHDS1544.1x%2F2013_SOND,distracting,1,20,date,desc
HarvardX%2FHDS1544.1x%2F2013_SOND,JA2680,1,20,date,desc
UWashingtonX%2FCOMM220UWx%2F1T2014,MENEE,1,20,date,desc
UWashingtonX%2FCOMM220UWx%2F1T2014,shy,1,20,date,desc
UWashingtonX%2FCOMM220UWx%2F1T2014,balkan,1,20,date,desc
UWashingtonX%2FCOMM220UWx%2F1T2014,ja,1,20,date,desc
HarvardX%2FHDS1544.1x%2F2013_SOND,support+poetry,1,20,comments,desc
MITx%2F8.01x%2F2013_SOND,l21q3,1,20,date,desc
MITx%2FEECS.6.002x%2F3T2013,h9P2,1,20,comments,desc
HarvardX%2FHDS1544.1x%2F2013_SOND,Raymond,2,20,date,desc
HarvardX%2FSPU27x%2F2013_Oct,HW4,1,20,date,desc
HarvardX%2FPH201x%2F2013_SOND,endogeneity,1,20,date,desc
CaltechX%2FEc1011x%2F1T2014,1,1,20,votes,desc
HarvardX%2FHDS1544.1x%2F2013_SOND,response+to+philemon+,1,20,date,desc
CaltechX%2FEc1011x%2F1T2014,video,1,20,date,desc
UWashingtonX%2FCOMM220UWx%2F1T2014,ibiza,1,20,date,desc
UWashingtonX%2FCOMM220UWx%2F1T2014,dominican,1,20,date,desc
HarvardX%2FHDS1544.1x%2F2013_SOND,donahoo123,1,20,date,desc
CaltechX%2FEc1011x%2F1T2014,kkulkarni,1,20,date,desc
HarvardX%2FHDS1544.1x%2F2013_SOND,on+the+spot,1,20,date,desc
UWashingtonX%2FCOMM220UWx%2F1T2014,abudhabi,1,20,date,desc
HarvardX%2FHDS1544.1x%2F2013_SOND,xtam,1,20,comments,desc
HarvardX%2FHDS1544.1x%2F2013_SOND,pcox,1,20,date,desc
MITx%2FEECS.6.002x%2F3T2013,H10,1,20,date,desc
UWashingtonX%2FCOMM220UWx%2F1T2014,venezuela,1,20,date,desc
MITx%2FEECS.6.002x%2F3T2013,hw9,1,20,date,desc
HarvardX%2FHDS1544.1x%2F2013_SOND,Domenzain,1,20,date,desc
UWashingtonX%2FCOMM220UWx%2F1T2014,michigan,1,20,date,desc
HarvardX%2FHDS1544.1x%2F2013_SOND,helenaur,1,20,date,desc
UWashingtonX%2FCOMM220UWx%2F1T2014,somalia,1,20,date,desc
MITx%2F8.01x%2F2013_SOND,exam+2+problem+5,1,20,date,desc
UWashingtonX%2FCOMM220UWx%2F1T2014,balka,1,20,date,desc
MITx%2F8.01x%2F2013_SOND,8.02x,3,20,date,desc
HarvardX%2FHDS1544.1x%2F2013_SOND,JA2680,1,20,date,desc
HarvardX%2FHDS1544.1x%2F2013_SOND,my_edx,1,20,comments,desc
CaltechX%2FEc1011x%2F1T2014,practice+problem+1.4,1,20,date,desc
HarvardX%2FSPU27x%2F2013_Oct,elasticity+chicken,2,20,date,desc
MITx%2FEECS.6.002x%2F3T2013,s12e4,1,20,date,desc
HarvardX%2FHDS1544.1x%2F2013_SOND,survey,1,20,date,desc
CaltechX%2FEc1011x%2F1T2014,lesliemaxfield,1,20,date,desc
HarvardX%2FHDS1544.1x%2F2013_SOND,xochilatl%40gmail.com,1,20,comments,desc
HarvardX%2FHDS1544.1x%2F2013_SOND,Todd,1,20,date,desc
HarvardX%2FHDS1544.1x%2F2013_SOND,Hello+everyone,1,20,date,desc
UWashingtonX%2FCOMM220UWx%2F1T2014,brazil,1,20,votes,desc
HarvardX%2FHDS1544.1x%2F2013_SOND,manipulative,1,20,votes,desc
HarvardX%2FHDS1544.1x%2F2013_SOND,maximatic35,1,20,date,desc
HarvardX%2FHDS1544.1x%2F2013_SOND,bgroves,1,20,date,desc
UWashingtonX%2FCOMM220UWx%2F1T2014,france,1,20,date,desc
UWashingtonX%2FCOMM220UWx%2F1T2014,ashraf,1,20,date,desc
HarvardX%2FHDS1544.1x%2F2013_SOND,zimagan21,1,20,comments,desc
HarvardX%2FHDS1544.1x%2F2013_SOND,rachel2117,1,20,date,desc
HarvardX%2FHDS1544.1x%2F2013_SOND,agape,2,20,date,desc
HarvardX%2FSW12.2x%2F1T2014,AlexanderMartin,1,20,comments,desc
CaltechX%2FCS1156x%2FFall2013,eureqa,1,20,date,desc
HarvardX%2FHDS1544.1x%2F2013_SOND,manipula,1,20,comments,desc
HarvardX%2FHDS1544.1x%2F2013_SOND,glad-handing,1,20,date,desc
MITx%2FEECS.6.002x%2F3T2013,21,1,20,date,desc
HarvardX%2FHDS1544.1x%2F2013_SOND,rachel2117,1,20,date,desc
MITx%2FEECS.6.002x%2F3T2013,H10P3,1,20,date,desc
UWashingtonX%2FCOMM220UWx%2F1T2014,calendar,1,20,date,desc
MITx%2FEECS.6.002x%2F3T2013,H9P3,1,20,date,desc
HarvardX%2FHDS1544.1x%2F2013_SOND,seepersaud,1,20,date,desc
HarvardX%2FHSPH-HMS214x%2F2013_SOND,general,1,20,date,desc
UWashingtonX%2FCOMM220UWx%2F1T2014,maine,1,20,date,desc
MITx%2F6.002x%2F2013_Spring,dc+dc,1,20,date,desc
MITx%2FEECS.6.002x%2F3T2013,s8e3,1,20,date,desc
BerkeleyX%2FCS188.1x%2F2013_Spring,project,1,20,date,desc
HarvardX%2FHDS1544.1x%2F2013_SOND,maximatic35,1,20,date,desc
HarvardX%2FHDS1544.1x%2F2013_SOND,MASSACHUSETTS,1,20,comments,desc
HarvardX%2FSW12.2x%2F1T2014,alexandermartin,1,20,comments,desc
HarvardX%2FHDS1544.1x%2F2013_SOND,Nadine,1,20,comments,desc
MITx%2F8.01x%2F2013_SOND,8.02x,1,20,date,desc
MITx%2F8.01x%2F2013_SOND,final,1,20,date,desc
HarvardX%2FSW12x%2F2013_SOND,deadline,2,20,date,desc
HarvardX%2FHDS1544.1x%2F2013_SOND,jbarnes,1,20,comments,desc
MITx%2F16.101x%2F2013_SOND,COMPARISON+OF+LAMINAR+AND+TURBULENT+VELOCITY+PROFILES,1,20,date,desc
MITx%2F24.00x%2F2013_SOND,i+am+lost,1,20,votes,desc
MITx%2F6.00.1x%2F3T2013,permutation,1,20,date,desc
RiceX%2FPHYS102x%2F2013_Oct,certificate,1,20,comments,desc
UWashingtonX%2FCOMM220UWx%2F1T2014,ta,1,20,date,desc
UWashingtonX%2FCOMM220UWx%2F1T2014,victoria,1,20,date,desc
HarvardX%2FHDS1544.1x%2F2013_SOND,Bolinaga,1,20,comments,desc
HarvardX%2FHDS1544.1x%2F2013_SOND,KarinEugenia,1,20,comments,desc
MITx%2FEECS.6.002x%2F3T2013,S21E4,1,20,date,desc
HarvardX%2FSW12.2x%2F1T2014,Pamirs,1,20,votes,desc
HarvardX%2FSPU27x%2F2013_Oct,Final+lab,2,20,votes,desc
CaltechX%2FCS1156x%2FFall2013,hw6,1,20,date,desc
HarvardX%2FHDS1544.1x%2F2013_SOND,Day+2,1,20,comments,desc
CaltechX%2FEc1011x%2F1T2014,problem+set+question+2,1,20,date,desc
HarvardX%2FHDS1544.1x%2F2013_SOND,louis+bond,1,20,comments,desc
UWashingtonX%2FCOMM220UWx%2F1T2014,kyrgyzstan,1,20,date,desc
HarvardX%2FHDS1544.1x%2F2013_SOND,hayleyh,1,20,date,desc
WellesleyX%2FANTH_207x%2F2013_SOND,certificate,1,20,date,desc
MITx%2F4.605x%2F2013_SOND,2.7.2,1,20,date,desc
HarvardX%2FHDS1544.1x%2F2013_SOND,jesus,1,20,date,desc
UWashingtonX%2FCOMM220UWx%2F1T2014,france,2,20,date,desc
UWashingtonX%2FCOMM220UWx%2F1T2014,morocco,1,20,date,desc
HarvardX%2FHDS1544.1x%2F2013_SOND,jemmapes,1,20,votes,desc
HarvardX%2FSPU27x%2F2013_Oct,chocolate,1,20,date,desc
UWashingtonX%2FCOMM220UWx%2F1T2014,sweden,1,20,date,desc
HarvardX%2FHDS1544.1x%2F2013_SOND,kathy,1,20,comments,desc
HarvardX%2FHDS1544.1x%2F2013_SOND,stevends,1,20,comments,desc
HarvardX%2FHDS1544.1x%2F2013_SOND,tknoren,1,20,date,desc
HarvardX%2FER22x%2F2013_Spring,Natasa3,1,20,comments,desc
MITx%2FEECS.6.002x%2F3T2013,h9p2,1,20,date,desc
EPFLx%2FBIO465x%2F2013_OND,estimation,1,20,date,desc
UWashingtonX%2FCOMM220UWx%2F1T2014,hi%2C+everyone+%21,1,20,comments,desc
CaltechX%2FEc1011x%2F1T2014,lesliemaxfield,1,20,date,desc
UWashingtonX%2FCOMM220UWx%2F1T2014,gerardo,1,20,comments,desc
MITx%2F6.00.1x%2F3T2013,boolean,1,20,votes,desc
MITx%2FEECS.6.002x%2F3T2013,h9p1,1,20,comments,desc
UWashingtonX%2FCOMM220UWx%2F1T2014,dubai,1,20,date,desc
MITx%2F8.01x%2F2013_SOND,time,1,20,date,desc
HarvardX%2FHDS1544.1x%2F2013_SOND,capacity+as+leader,1,20,date,desc
HarvardX%2FHDS1544.1x%2F2013_SOND,Drew52,1,20,date,desc
HarvardX%2FHDS1544.1x%2F2013_SOND,Day+2,1,20,date,desc
UWashingtonX%2FCOMM220UWx%2F1T2014,marketing,1,20,date,desc
HarvardX%2FHDS1544.1x%2F2013_SOND,tomecat,1,20,date,desc
HarvardX%2FSPU27x%2F2013_Oct,homework+page+3%2C+week+4,1,20,date,desc
HarvardX%2FHDS1544.1x%2F2013_SOND,acts,1,20,date,desc
HarvardX%2FHDS1544.1x%2F2013_SOND,mmitchell80,1,20,votes,desc
HarvardX%2FSPU27x%2F2013_Oct,submit+diagrams,1,20,date,desc
HarvardX%2FSW12.2x%2F1T2014,cycles,1,20,date,desc
HarvardX%2FSPU27x%2F2013_Oct,nathan+mhyrvold,2,20,date,desc
MITx%2F8.01x%2F2013_SOND,time++allocated+exam,2,20,votes,desc
HarvardX%2FHDS1544.1x%2F2013_SOND,acts,1,20,comments,desc
HarvardX%2FHDS1544.1x%2F2013_SOND,elanagn,1,20,date,desc
HarvardX%2FHDS1544.1x%2F2013_SOND,coursera,1,20,comments,desc
UWashingtonX%2FCOMM220UWx%2F1T2014,hi,1,20,comments,desc
UWashingtonX%2FCOMM220UWx%2F1T2014,Komi,1,20,date,desc
HarvardX%2FHDS1544.1x%2F2013_SOND,westonbecker,1,20,date,desc
CaltechX%2FEc1011x%2F1T2014,unit+1+notes,4,20,date,desc
HarvardX%2FHDS1544.1x%2F2013_SOND,Day+1,2,20,date,desc
MITx%2FEECS.6.002x%2F3T2013,h9p1,1,20,comments,desc
HarvardX%2FHDS1544.1x%2F2013_SOND,paltma,1,20,date,desc
UWashingtonX%2FCOMM220UWx%2F1T2014,shy,1,20,comments,desc
HarvardX%2FSW12.2x%2F1T2014,5+Willows,1,20,date,desc
HarvardX%2FHDS1544.1x%2F2013_SOND,mh68,1,20,votes,desc
UWashingtonX%2FCOMM220UWx%2F1T2014,adam,1,20,date,desc
HarvardX%2FHDS1544.1x%2F2013_SOND,BO7156,1,20,date,desc
HarvardX%2FHDS1544.1x%2F2013_SOND,MattWagner515,1,20,date,desc
HarvardX%2FSW12.2x%2F1T2014,winthv1,1,20,date,desc
HarvardX%2FHDS1544.1x%2F2013_SOND,donahoo123,1,20,comments,desc
HarvardX%2FSW12.2x%2F1T2014,Patster,1,20,votes,desc
HarvardX%2FHDS1544.1x%2F2013_SOND,rachel,1,20,date,desc
HarvardX%2FHDS1544.1x%2F2013_SOND,wilfert,1,20,date,desc
MITx%2F8.01x%2F2013_SOND,exam+2,1,20,votes,desc
HarvardX%2FHDS1544.1x%2F2013_SOND,mattpaci,1,20,date,desc
MITx%2FEECS.6.002x%2F3T2013,s21e4,1,20,date,desc
MITx%2F24.00x%2F2013_SOND,jomiro,1,20,date,desc
UWashingtonX%2FCOMM220UWx%2F1T2014,humour,1,20,date,desc
MITx%2FEECS.6.002x%2F3T2013,H9P1,1,20,date,desc
UWashingtonX%2FCOMM220UWx%2F1T2014,orientation,1,20,date,desc
MITx%2F24.00x%2F2013_SOND,translate+to+german,1,20,votes,desc
HarvardX%2FHDS1544.1x%2F2013_SOND,methus,1,20,date,desc
DelftX%2FET3034TUx%2F2013_Fall,winners,1,20,date,desc
HarvardX%2FHDS1544.1x%2F2013_SOND,emidior,1,20,date,desc
MITx%2F3.086x%2F2013_SOND,progress+bar,3,20,date,desc
MITx%2F8.01x%2F2013_SOND,8.02x,2,20,date,desc
HarvardX%2FSPU27x%2F2013_Oct,protein+crosslink+distance,3,20,date,desc
HarvardX%2FHDS1544.1x%2F2013_SOND,CatWatcher,1,20,date,desc
HarvardX%2FSW12.2x%2F1T2014,Patster,1,20,date,desc
MITx%2F6.00.1x%2F3T2013,permutations,1,20,date,desc
HarvardX%2FHDS1544.1x%2F2013_SOND,elan,1,20,date,desc
HarvardX%2FHDS1544.1x%2F2013_SOND,agape,1,20,date,desc
UWashingtonX%2FCOMM220UWx%2F1T2014,gerardo,1,20,date,desc
HarvardX%2FHDS1544.1x%2F2013_SOND,agape,2,20,date,desc
HarvardX%2FHDS1544.1x%2F2013_SOND,part+2,1,20,date,desc
MITx%2FEECS.6.002x%2F3T2013,H9P1,1,20,date,desc
MITx%2F2.03x%2F3T2013,textbook,1,20,date,desc
HarvardX%2FHDS1544.1x%2F2013_SOND,kathy,1,20,date,desc
MITx%2F24.00x%2F2013_SOND,certificates,1,20,date,desc
UWashingtonX%2FCOMM220UWx%2F1T2014,memphis,1,20,comments,desc
HarvardX%2FHDS1544.1x%2F2013_SOND,video,1,20,date,desc
MITx%2F3.086x%2F2013_SOND,rawlly,1,20,comments,desc
UWashingtonX%2FCOMM220UWx%2F1T2014,Manchester,1,20,date,desc
CaltechX%2FEc1011x%2F1T2014,1,1,20,votes,desc
UWashingtonX%2FCOMM220UWx%2F1T2014,my+purposes,1,20,date,desc
HarvardX%2FHDS1544.1x%2F2013_SOND,jairgaspar,1,20,date,desc
MITx%2F8.01x%2F2013_SOND,audit,2,20,date,desc
MITx%2F16.101x%2F2013_SOND,progress,1,20,date,desc
HarvardX%2FHDS1544.1x%2F2013_SOND,karen,1,20,date,desc
UWashingtonX%2FCOMM220UWx%2F1T2014,greece,1,20,date,desc
MITx%2FEECS.6.002x%2F3T2013,LAB9,1,20,date,desc
HarvardX%2FHDS1544.1x%2F2013_SOND,onesimus,2,20,date,desc
UWashingtonX%2FCOMM220UWx%2F1T2014,abu+dhabi,1,20,date,desc
HarvardX%2FHDS1544.1x%2F2013_SOND,CatWatcher,2,20,date,desc
UWashingtonX%2FCOMM220UWx%2F1T2014,preyash,1,20,date,desc
CaltechX%2FEc1011x%2F1T2014,Q1,1,20,date,desc
MITx%2FEECS.6.002x%2F3T2013,H9P1,1,20,date,desc
HarvardX%2FHDS1544.1x%2F2013_SOND,SCGARRETT,1,20,comments,desc
UWashingtonX%2FCOMM220UWx%2F1T2014,hong+kong,1,20,date,desc
HarvardX%2FSPU27x%2F2013_Oct,protein+crosslink+distance,2,20,date,desc
HarvardX%2FHDS1544.1x%2F2013_SOND,priscamary,1,20,date,desc
CaltechX%2FEc1011x%2F1T2014,book,2,20,date,desc
HarvardX%2FSW12.2x%2F1T2014,Willows,1,20,date,desc
HarvardX%2FHDS1544.1x%2F2013_SOND,urvuy,1,20,date,desc
HarvardX%2FHDS1544.1x%2F2013_SOND,Willerd,1,20,date,desc
MITx%2F24.00x%2F2013_SOND,macnomadic,2,20,date,desc
HarvardX%2FHDS1544.1x%2F2013_SOND,Drew52,1,20,date,desc
HarvardX%2FHDS1544.1x%2F2013_SOND,my_edx,1,20,comments,desc
HarvardX%2FHDS1544.1x%2F2013_SOND,paltman,1,20,date,desc
MITx%2FEECS.6.002x%2F3T2013,h9,1,20,comments,desc
MITx%2F6.002x%2F2013_Spring,spanish,1,20,votes,desc
HarvardX%2FHDS1544.1x%2F2013_SOND,introduction,1,20,date,desc
HarvardX%2FHDS1544.1x%2F2013_SOND,aglaw,1,20,comments,desc
HarvardX%2FHDS1544.1x%2F2013_SOND,kktactce,1,20,date,desc
HarvardX%2FHDS1544.1x%2F2013_SOND,SuzanneQueensland,1,20,date,desc
HarvardX%2FHDS1544.1x%2F2013_SOND,paul,1,20,date,desc
HarvardX%2FHDS1544.1x%2F2013_SOND,literal,1,20,date,desc
HarvardX%2FSW12.2x%2F1T2014,LuGram,1,20,date,desc
HarvardX%2FHDS1544.1x%2F2013_SOND,privat+school,1,20,votes,desc
WellesleyX%2FANTH_207x%2F2013_SOND,books,1,20,date,desc
MITx%2F24.00x%2F2013_SOND,certificates,1,20,date,desc
HarvardX%2FHDS1544.1x%2F2013_SOND,browser,1,20,votes,desc
MITx%2F3.086x%2F2013_SOND,innovation,1,20,date,desc
MITx%2F6.00.1x%2F3T2013,6.00.2x,1,20,date,desc
HarvardX%2FHDS1544.1x%2F2013_SOND,DaveBroom66,1,20,date,desc
HarvardX%2FHDS1544.1x%2F2013_SOND,tcbreivo06,1,20,comments,desc
UTAustinX%2FUT.3.01x%2F2013_Sept,Certificate,1,20,date,desc
CaltechX%2FCS1156x%2FFall2013,certificate,1,20,date,desc
MITx%2FEECS.6.002x%2F3T2013,H9P1,1,20,date,desc
HarvardX%2FHDS1544.1x%2F2013_SOND,emily,1,20,comments,desc
HarvardX%2FHDS1544.1x%2F2013_SOND,Todd+Noren-Hentz,2,20,date,desc
UWashingtonX%2FCOMM220UWx%2F1T2014,Aho+Komi,1,20,date,desc
HarvardX%2FHDS1544.1x%2F2013_SOND,redlandstang,1,20,comments,desc
MITx%2FEECS.6.002x%2F3T2013,S19,1,20,date,desc
HarvardX%2FSW12x%2F2013_SOND,puett,1,20,date,desc
HarvardX%2FHDS1544.1x%2F2013_SOND,New+Hampshire,1,20,votes,desc
CaltechX%2FEc1011x%2F1T2014,q2,1,20,date,desc
HarvardX%2FHDS1544.1x%2F2013_SOND,DaveBroom66,1,20,comments,desc
UWashingtonX%2FCOMM220UWx%2F1T2014,turkey,1,20,date,desc
HarvardX%2FHDS1544.1x%2F2013_SOND,DaveBroom66,1,20,date,desc
HarvardX%2FHDS1544.1x%2F2013_SOND,priscamary,1,20,date,desc
MITx%2F3.086x%2F2013_SOND,discussion,1,20,comments,desc
MITx%2FEECS.6.002x%2F3T2013,H11,1,20,date,desc
HarvardX%2FHDS1544.1x%2F2013_SOND,JeffPitt,1,20,date,desc
MITx%2FEECS.6.002x%2F3T2013,H9,1,20,date,desc
UWashingtonX%2FCOMM220UWx%2F1T2014,ja,1,20,date,desc
BerkeleyX%2FCS.CS169.1x%2F3T2013,hw0,1,20,date,desc
HarvardX%2FHDS1544.1x%2F2013_SOND,01%2F07%2F2014,1,20,date,desc
UWashingtonX%2FCOMM220UWx%2F1T2014,serbia,1,20,date,desc
UWashingtonX%2FCOMM220UWx%2F1T2014,old,1,20,date,desc
HarvardX%2FSPU27x%2F2013_Oct,+protein+crosslink+distance,1,20,date,desc
HarvardX%2FHDS1544.1x%2F2013_SOND,Day+2,1,20,date,desc
UWashingtonX%2FCOMM220UWx%2F1T2014,venezuela,1,20,date,desc
HarvardX%2FSPU27x%2F2013_Oct,week+4,1,20,date,desc
UWashingtonX%2FCOMM220UWx%2F1T2014,india,1,20,date,desc
HarvardX%2FHDS1544.1x%2F2013_SOND,crashed,1,20,votes,desc
HarvardX%2FHDS1544.1x%2F2013_SOND,jbarnes,1,20,comments,desc
DelftX%2FET3034TUx%2F2013_Fall,miguelito,1,20,date,desc
MITx%2F6.00.1x%2F3T2013,final+exam,1,20,date,desc
UWashingtonX%2FCOMM220UWx%2F1T2014,max,1,20,date,desc
CaltechX%2FEc1011x%2F1T2014,poor+video+quality,1,20,date,desc
HarvardX%2FHDS1544.1x%2F2013_SOND,jasonhaas,1,20,date,desc
MITx%2F16.101x%2F2013_SOND,final+exam,1,20,date,desc
HarvardX%2FHDS1544.1x%2F2013_SOND,mormon,1,20,date,desc
HarvardX%2FHDS1544.1x%2F2013_SOND,matrayand,1,20,date,desc
MITx%2FEECS.6.002x%2F3T2013,h9p1,1,20,comments,desc
MITx%2F8.01x%2F2013_SOND,8.02x,1,20,date,desc
HarvardX%2FSPU27x%2F2013_Oct,46.8,1,20,date,desc
HarvardX%2FHDS1544.1x%2F2013_SOND,wilfert,1,20,comments,desc
MITx%2FEECS.6.002x%2F3T2013,h9p1,1,20,comments,desc
MITx%2FEECS.6.002x%2F3T2013,lab9,1,20,date,desc
HarvardX%2FHDS1544.1x%2F2013_SOND,manipula,1,20,date,desc
MITx%2F6.00.1x%2F3T2013,boolean,1,20,date,desc
MITx%2F8.01x%2F2013_SOND,ex3q8,1,20,date,desc
HarvardX%2FHDS1544.1x%2F2013_SOND,jaimi,1,20,date,desc
MITx%2F8.01x%2F2013_SOND,8.02x,4,20,date,desc
UWashingtonX%2FCOMM220UWx%2F1T2014,gerardo,1,20,comments,desc
HarvardX%2FHDS1544.1x%2F2013_SOND,end+of+the+world,1,20,comments,desc
HarvardX%2FHDS1544.1x%2F2013_SOND,Day+2,1,20,date,desc
HarvardX%2FSPU27x%2F2013_Oct,sucrose+arrangement+density+bonds,2,20,date,desc
UWashingtonX%2FCOMM220UWx%2F1T2014,dominican,2,20,date,desc
CaltechX%2FEc1011x%2F1T2014,latex,1,20,date,desc
HarvardX%2FHDS1544.1x%2F2013_SOND,drew52,1,20,date,desc
HarvardX%2FHDS1544.1x%2F2013_SOND,paul,1,20,comments,desc
HarvardX%2FHDS1544.1x%2F2013_SOND,tauber,1,20,date,desc
MITx%2F4.605x%2F2013_SOND,%5Bofficial%5D+week+7,1,20,date,desc
HarvardX%2FSW12.2x%2F1T2014,monthly+ordinances,3,20,date,desc
HarvardX%2FHDS1544.1x%2F2013_SOND,writer_ron,1,20,date,desc
HarvardX%2FHDS1544.1x%2F2013_SOND,India,1,20,date,desc
HarvardX%2FSPU27x%2F2013_Oct,average+protein+crosslink+distance,3,20,date,desc
MITx%2FEECS.6.002x%2F3T2013,h9,1,20,comments,desc
HarvardX%2FHDS1544.1x%2F2013_SOND,spain,1,20,date,desc
MITx%2F6.002x%2F2013_Spring,9,3,20,date,desc
UTAustinX%2FUT.3.01x%2F2013_Sept,certificate,3,20,date,desc
UWashingtonX%2FCOMM220UWx%2F1T2014,my+purposes,1,20,date,desc
MITx%2F6.00.1x%2F3T2013,6.00.2,1,20,date,desc
HarvardX%2FHDS1544.1x%2F2013_SOND,velvet+hammer,1,20,comments,desc
HarvardX%2FSPU27x%2F2013_Oct,esther,1,20,date,desc
HarvardX%2FHDS1544.1x%2F2013_SOND,%22paul+is+a+complex+man%22,6,20,date,desc
MITx%2FEECS.6.002x%2F3T2013,S21E4,1,20,date,desc
UWashingtonX%2FCOMM220UWx%2F1T2014,hk,1,20,date,desc
HarvardX%2FHDS1544.1x%2F2013_SOND,jeanib,1,20,date,desc
HarvardX%2FHSPH-HMS214x%2F2013_SOND,diploma,1,20,date,desc
HarvardX%2FSW12.2x%2F1T2014,Pamirs,1,20,date,desc
MITx%2F8.01x%2F2013_SOND,time++allocated+exam,1,20,votes,desc
UWashingtonX%2FCOMM220UWx%2F1T2014,toastmasters,1,20,comments,desc
MITx%2F6.002x%2F2013_Spring,lab9,1,20,date,desc
HarvardX%2FHDS1544.1x%2F2013_SOND,404,1,20,date,desc
HarvardX%2FHDS1544.1x%2F2013_SOND,New+Hampshire,1,20,votes,desc
WellesleyX%2FANTH_207x%2F2013_SOND,Homo+erectus+2,3,20,date,desc
MITx%2FEECS.6.002x%2F3T2013,exit+survey,1,20,date,desc
HarvardX%2FSW12.2x%2F1T2014,alexandermartin,1,20,comments,desc
HarvardX%2FSW12.2x%2F1T2014,Five_Willows,1,20,date,desc
HarvardX%2FHDS1544.1x%2F2013_SOND,end+of+the+world,1,20,date,desc
UWashingtonX%2FCOMM220UWx%2F1T2014,saudi,1,20,date,desc
HarvardX%2FER22x%2F2013_Spring,Natasa3,1,20,date,desc
HarvardX%2FHDS1544.1x%2F2013_SOND,mattpaci,1,20,date,desc
HarvardX%2FHDS1544.1x%2F2013_SOND,mmitchell80,1,20,date,desc
MITx%2F7.00x%2F2013_SOND,course,1,20,date,desc
MITx%2F8.01x%2F2013_SOND,stephenharrington,1,20,date,desc
UWashingtonX%2FCOMM220UWx%2F1T2014,max,2,20,date,desc
MITx%2FEECS.6.002x%2F3T2013,h9P2,1,20,date,desc
HarvardX%2FHDS1544.1x%2F2013_SOND,BrendaLBennett,1,20,date,desc
HarvardX%2FHDS1544.1x%2F2013_SOND,jjoniec,1,20,comments,desc
HarvardX%2FSPU27x%2F2013_Oct,pancakes,1,20,date,desc
UWashingtonX%2FCOMM220UWx%2F1T2014,public+speaking,4,20,date,desc
HarvardX%2FHDS1544.1x%2F2013_SOND,lskay,1,20,date,desc
MITx%2F8.01x%2F2013_SOND,exam+2,1,20,votes,desc
UWashingtonX%2FCOMM220UWx%2F1T2014,autistic,1,20,comments,desc
HarvardX%2FCB22.1x%2F2013_SOND,certificate,1,20,date,desc
UWashingtonX%2FCOMM220UWx%2F1T2014,Matt,2,20,date,desc
UWashingtonX%2FCOMM220UWx%2F1T2014,latin,1,20,date,desc
HarvardX%2FHDS1544.1x%2F2013_SOND,saints,1,20,date,desc
HarvardX%2FHDS1544.1x%2F2013_SOND,%22paul+is+a+complex+man%22,2,20,date,desc
HarvardX%2FSPU27x%2F2013_Oct,submit+drawings,1,20,date,desc
HarvardX%2FHDS1544.1x%2F2013_SOND,ransome1,1,20,date,desc
UWashingtonX%2FCOMM220UWx%2F1T2014,vassilis,1,20,date,desc
MITx%2F8.01x%2F2013_SOND,exam+2+problem+5,1,20,votes,desc
UTAustinX%2FUT.3.01x%2F2013_Sept,Certificate,1,20,comments,desc
HarvardX%2FSW12.2x%2F1T2014,alexander,1,20,comments,desc
UWashingtonX%2FCOMM220UWx%2F1T2014,mike,1,20,date,desc
HarvardX%2FHDS1544.1x%2F2013_SOND,joebaum,1,20,date,desc
HarvardX%2FHDS1544.1x%2F2013_SOND,kmartin42,1,20,date,desc
HarvardX%2FHDS1544.1x%2F2013_SOND,Valdeilson,2,20,date,desc
HarvardX%2FHDS1544.1x%2F2013_SOND,metaphorical,1,20,date,desc
HarvardX%2FSW12.2x%2F1T2014,Veritas+98,1,20,date,desc
MITx%2F8.01x%2F2013_SOND,8.01x+notes,1,20,date,desc
MITx%2FEECS.6.002x%2F3T2013,lab+9,1,20,date,desc
HarvardX%2FER22x%2F2013_Spring,Natasa3,1,20,date,desc
HarvardX%2FHDS1544.1x%2F2013_SOND,kathy,1,20,comments,desc
HarvardX%2FSW12.2x%2F1T2014,AlexanderMartin,1,20,comments,desc
RiceX%2FPHYS102x%2F2013_Oct,signature,1,20,date,desc
MITx%2FEECS.6.002x%2F3T2013,hw9,1,20,comments,desc
UWashingtonX%2FCOMM220UWx%2F1T2014,dubai,1,20,date,desc
HarvardX%2FHDS1544.1x%2F2013_SOND,survey,1,20,date,desc
HarvardX%2FHDS1544.1x%2F2013_SOND,Candace,1,20,date,desc
HarvardX%2FHDS1544.1x%2F2013_SOND,jbaumstarck,1,20,date,desc
CaltechX%2FEc1011x%2F1T2014,QUESTION+4,1,20,date,desc
MITx%2FEECS.6.002x%2F3T2013,certificate,1,20,date,desc
CaltechX%2FEc1011x%2F1T2014,rawlly,1,20,date,desc
MITx%2FEECS.6.002x%2F3T2013,H9P1,1,20,date,desc
CaltechX%2FEc1011x%2F1T2014,concave,1,20,date,desc
UWashingtonX%2FCOMM220UWx%2F1T2014,adam,1,20,date,desc
HarvardX%2FHDS1544.1x%2F2013_SOND,date,1,20,date,desc
HarvardX%2FSPU27x%2F2013_Oct,pancake+compression,1,20,date,desc
MITx%2FEECS.6.002x%2F3T2013,h9,1,20,comments,desc
HarvardX%2FSW12.2x%2F1T2014,monthly+ordinances,2,20,date,desc
HarvardX%2FHDS1544.1x%2F2013_SOND,donahoo123,1,20,comments,desc
HarvardX%2FHDS1544.1x%2F2013_SOND,xochilatl,1,20,date,desc
UWashingtonX%2FCOMM220UWx%2F1T2014,shy,1,20,votes,desc
HarvardX%2FSW12x%2F2013_SOND,puett,2,20,date,desc
MITx%2F3.086x%2F2013_SOND,answers+to+homework,1,20,date,desc
UWashingtonX%2FCOMM220UWx%2F1T2014,venezuela,1,20,date,desc
HarvardX%2FHDS1544.1x%2F2013_SOND,David19818,1,20,date,desc
UWashingtonX%2FCOMM220UWx%2F1T2014,Jillcuzz,1,20,date,desc
MITx%2FEECS.6.002x%2F3T2013,h9p1,2,20,date,desc
UWashingtonX%2FCOMM220UWx%2F1T2014,South+America+Brazil,1,20,date,desc
CaltechX%2FEc1011x%2F1T2014,question+2,1,20,date,desc
HarvardX%2FSW12.2x%2F1T2014,FiveWillows,1,20,date,desc
HarvardX%2FHDS1544.1x%2F2013_SOND,survey,1,20,date,desc
MITx%2F16.101x%2F2013_SOND,exam+2,1,20,date,desc
HarvardX%2FHDS1544.1x%2F2013_SOND,hayleyh,1,20,comments,desc
HarvardX%2FHDS1544.1x%2F2013_SOND,maxaug,1,20,comments,desc
MITx%2F3.086x%2F2013_SOND,71028,1,20,date,desc
UTAustinX%2FUT.3.01x%2F2013_Sept,Certificate,1,20,date,desc
HarvardX%2FHDS1544.1x%2F2013_SOND,JA2680,1,20,date,desc
HarvardX%2FSPU27x%2F2013_Oct,pancake,1,20,date,desc
HarvardX%2FHDS1544.1x%2F2013_SOND,jennifer,1,20,date,desc
HarvardX%2FSW12.2x%2F1T2014,knowledgecollector,1,20,date,desc
UWashingtonX%2FCOMM220UWx%2F1T2014,adam,1,20,date,desc
HarvardX%2FHDS1544.1x%2F2013_SOND,okellyn,1,20,comments,desc
HarvardX%2FHDS1544.1x%2F2013_SOND,aglaw,1,20,date,desc
HarvardX%2FSPU27x%2F2013_Oct,elasticity+chicken,3,20,date,desc
HarvardX%2FHDS1544.1x%2F2013_SOND,outermark,1,20,date,desc
HarvardX%2FHDS1544.1x%2F2013_SOND,Survey,1,20,date,desc
MITx%2FEECS.6.002x%2F3T2013,H9P1,1,20,date,desc
UWashingtonX%2FCOMM220UWx%2F1T2014,marketer,1,20,date,desc
MITx%2FEECS.6.002x%2F3T2013,hw10,1,20,date,desc
HarvardX%2FHDS1544.1x%2F2013_SOND,kmartin42,1,20,comments,desc
MITx%2F24.00x%2F2013_SOND,translate+to+german,1,20,date,desc
HarvardX%2FHDS1544.1x%2F2013_SOND,Nadine,1,20,date,desc
UWashingtonX%2FCOMM220UWx%2F1T2014,venezuela,1,20,date,desc
UWashingtonX%2FCOMM220UWx%2F1T2014,lecturer,1,20,date,desc
HarvardX%2FHDS1544.1x%2F2013_SOND,NoEinstein,1,20,date,desc
MITx%2F8.01x%2F2013_SOND,8.02,1,20,date,desc
WellesleyX%2FANTH_207x%2F2013_SOND,Homo+erectus+2,4,20,date,desc
MITx%2F24.00x%2F2013_SOND,certificates,2,20,date,desc
HarvardX%2FHDS1544.1x%2F2013_SOND,NovaMe,1,20,date,desc
MITx%2FEECS.6.002x%2F3T2013,lab9,1,20,date,desc
BerkeleyX%2FCS.169.2x%2F3T2013,comment,1,20,date,desc
HarvardX%2FSPU27x%2F2013_Oct,igor,1,20,date,desc
HarvardX%2FHDS1544.1x%2F2013_SOND,xtam,1,20,date,desc
UWashingtonX%2FCOMM220UWx%2F1T2014,humour,1,20,date,desc
MITx%2F8.01x%2F2013_SOND,after+course+ends,1,20,date,desc
HarvardX%2FSPU27x%2F2013_Oct,rnacher,1,20,date,desc
HarvardX%2FHDS1544.1x%2F2013_SOND,mike_mitchell80%40yahoo.com,1,20,date,desc
HarvardX%2FHDS1544.1x%2F2013_SOND,hayleyh,1,20,comments,desc
HarvardX%2FHDS1544.1x%2F2013_SOND,paul+jesus,3,20,date,desc
MITx%2F4.605x%2F2013_SOND,%E2%80%9CWhich+of+these+do+not+appear+in+the+art+of+Chauvet+Cave%3F+%3A+Bears%2C+Lions%2C+Dots%2C+Birds.%E2%80%9D,1,20,date,desc
HarvardX%2FHDS1544.1x%2F2013_SOND,letter+to+philemon+,1,20,date,desc
HarvardX%2FHDS1544.1x%2F2013_SOND,CatWatcher,2,20,comments,desc
MITx%2F3.086x%2F2013_SOND,progress+bar,1,20,date,desc
UWashingtonX%2FCOMM220UWx%2F1T2014,gerardo,1,20,date,desc
UWashingtonX%2FCOMM220UWx%2F1T2014,max,1,20,date,desc
HarvardX%2FHDS1544.1x%2F2013_SOND,my_edx,1,20,date,desc
HarvardX%2FHDS1544.1x%2F2013_SOND,target+audience,1,20,date,desc
MITx%2FEECS.6.002x%2F3T2013,h9p1,1,20,date,desc
CaltechX%2FCS1156x%2FFall2013,hw5,2,20,date,desc
HarvardX%2FHDS1544.1x%2F2013_SOND,kaykj,1,20,date,desc
UWashingtonX%2FCOMM220UWx%2F1T2014,dubai,1,20,comments,desc
UWashingtonX%2FCOMM220UWx%2F1T2014,venezuela,1,20,date,desc
HarvardX%2FHDS1544.1x%2F2013_SOND,Virginia,1,20,date,desc
HarvardX%2FHDS1544.1x%2F2013_SOND,1000,1,20,comments,desc
MITx%2FEECS.6.002x%2F3T2013,Lab9,1,20,date,desc
UWashingtonX%2FCOMM220UWx%2F1T2014,maeketer,1,20,date,desc
EPFLx%2FBIO465x%2F2013_OND,again,1,20,date,desc
HarvardX%2FSPU27x%2F2013_Oct,hw4,1,20,date,desc
HarvardX%2FHDS1544.1x%2F2013_SOND,Todd+Noren-Hentz,1,20,date,desc
HarvardX%2FHDS1544.1x%2F2013_SOND,dissatisfaction,1,20,comments,desc
HarvardX%2FHDS1544.1x%2F2013_SOND,okellyn,1,20,date,desc
HarvardX%2FHDS1544.1x%2F2013_SOND,AlbionDweller,1,20,date,desc
HarvardX%2FHDS1544.1x%2F2013_SOND,Kimkeck,1,20,date,desc
MITx%2FEECS.6.002x%2F3T2013,h9p2,1,20,date,desc
MITx%2F8.01x%2F2013_SOND,canada,2,20,date,desc
HarvardX%2FSPU27x%2F2013_Oct,homework+week+4,2,20,date,desc
HarvardX%2FHDS1544.1x%2F2013_SOND,elanagn,1,20,date,desc
MITx%2F3.086x%2F2013_SOND,grades,1,20,date,desc
MITx%2F16.101x%2F2013_SOND,aperdigo,2,20,date,desc
CaltechX%2FEc1011x%2F1T2014,doctor,1,20,votes,desc
HarvardX%2FSW12.2x%2F1T2014,Pamirs,1,20,comments,desc
CaltechX%2FEc1011x%2F1T2014,practice+problem+1.4,1,20,date,desc
HarvardX%2FSW12.2x%2F1T2014,Five_Willows,1,20,date,desc
MITx%2F7.00x%2F2013_SOND,follow,1,20,date,desc
UWashingtonX%2FCOMM220UWx%2F1T2014,hi+everyone,1,20,date,desc
HarvardX%2FHDS1544.1x%2F2013_SOND,redlandstang,1,20,date,desc
HarvardX%2FHDS1544.1x%2F2013_SOND,los+angeles,1,20,date,desc
HarvardX%2FHDS1544.1x%2F2013_SOND,1000,2,20,comments,desc
MITx%2F8.01x%2F2013_SOND,direction+friction,1,20,date,desc
HarvardX%2FHDS1544.1x%2F2013_SOND,wbecker,1,20,date,desc
HarvardX%2FHDS1544.1x%2F2013_SOND,kmartin42,1,20,date,desc
MITx%2FEECS.6.002x%2F3T2013,lab9,1,20,date,desc
HarvardX%2FSPU27x%2F2013_Oct,soraia,1,20,date,desc
HarvardX%2FSW12.2x%2F1T2014,knowledgecollector,1,20,date,desc
HarvardX%2FHDS1544.1x%2F2013_SOND,follower,1,20,date,desc
CaltechX%2FEc1011x%2F1T2014,q4,1,20,date,desc
HarvardX%2FHDS1544.1x%2F2013_SOND,PeterDavidB,1,20,votes,desc
UWashingtonX%2FCOMM220UWx%2F1T2014,hk,1,20,date,desc
HarvardX%2FHDS1544.1x%2F2013_SOND,levels,1,20,date,desc
DelftX%2FET3034TUx%2F2013_Fall,PV+system,1,20,date,desc
CaltechX%2FEc1011x%2F1T2014,china,1,20,date,desc
CaltechX%2FEc1011x%2F1T2014,transcript,1,20,date,desc
UWashingtonX%2FCOMM220UWx%2F1T2014,ibiza,1,20,date,desc
MITx%2FEECS.6.002x%2F3T2013,hw9,1,20,votes,desc
UWashingtonX%2FCOMM220UWx%2F1T2014,toastmaster,1,20,comments,desc
HarvardX%2FHDS1544.1x%2F2013_SOND,guiceman,1,20,comments,desc
HarvardX%2FHDS1544.1x%2F2013_SOND,link,1,20,date,desc
HarvardX%2FHDS1544.1x%2F2013_SOND,louis,2,20,comments,desc
HarvardX%2FHDS1544.1x%2F2013_SOND,BLBennett,1,20,date,desc
WellesleyX%2FANTH_207x%2F2013_SOND,Homo+erected+2,1,20,date,desc
MITx%2F24.00x%2F2013_SOND,austria,1,20,votes,desc
HarvardX%2FSPU27x%2F2013_Oct,HW4,1,20,date,desc
UWashingtonX%2FCOMM220UWx%2F1T2014,certificate,1,20,comments,desc
EPFLx%2FBIO465x%2F2013_OND,eigenvalue,2,20,date,desc
MITx%2FEECS.6.002x%2F3T2013,lab,1,20,date,desc
UWashingtonX%2FCOMM220UWx%2F1T2014,adam,1,20,date,desc
HarvardX%2FHSPH-HMS214x%2F2013_SOND,bolette,1,20,date,desc
HarvardX%2FHDS1544.1x%2F2013_SOND,Bolinaga,1,20,date,desc
MITx%2FEECS.6.002x%2F3T2013,h11p1,1,20,date,desc
HarvardX%2FHDS1544.1x%2F2013_SOND,maximatic35,1,20,date,desc
HarvardX%2FHDS1544.1x%2F2013_SOND,kaykj,1,20,date,desc
HarvardX%2FHDS1544.1x%2F2013_SOND,Willerd,1,20,date,desc
HarvardX%2FHDS1544.1x%2F2013_SOND,Nadine,1,20,comments,desc
HarvardX%2FHDS1544.1x%2F2013_SOND,elanagn,1,20,date,desc
MITx%2F8.01x%2F2013_SOND,boltzmann,1,20,date,desc
UWashingtonX%2FCOMM220UWx%2F1T2014,croatian,1,20,date,desc
HarvardX%2FHDS1544.1x%2F2013_SOND,becker,1,20,comments,desc
MITx%2F8.01x%2F2013_SOND,E02P05,1,20,date,desc
HarvardX%2FHDS1544.1x%2F2013_SOND,xtam,1,20,comments,desc
CaltechX%2FEc1011x%2F1T2014,submit,1,20,date,desc
MITx%2FEECS.6.002x%2F3T2013,S19E1,1,20,date,desc
HarvardX%2FHDS1544.1x%2F2013_SOND,larry,2,20,date,desc
HarvardX%2FHDS1544.1x%2F2013_SOND,elan,1,20,date,desc
MITx%2F8.01x%2F2013_SOND,lewin,1,20,comments,desc
HarvardX%2FHDS1544.1x%2F2013_SOND,mmitchell80,1,20,date,desc
